Cre08.g382350.t1.2	tr|D8U306|D8U306_VOLCA	91.8	331	27	0	1	331	1	331	4.54e-220	603
Cre08.g370116.t1.1	tr|A0A2K3DH75|A0A2K3DH75_CHLRE	72.7	161	32	4	1870	2027	1418	1569	1.17e-37	152
Cre08.g366950.t1.2	tr|A0A835WE51|A0A835WE51_CHLIN	55.0	1166	398	29	14	1119	1	1099	2.41e-260	761
Cre08.g365300.t1.2	tr|A0A835W0U1|A0A835W0U1_CHLIN	37.6	210	114	7	344	549	6694	6890	3.23e-26	110
Cre08.g369451.t1.1	tr|A0A2J7ZU46|A0A2J7ZU46_9CHLO	47.4	154	78	1	5	155	421	574	3.67e-33	131
Cre08.g385850.t1.2	tr|A0A7S0RME0|A0A7S0RME0_9CHLO	27.8	313	199	11	48	346	811	1110	4.85e-19	87.4
Cre08.g373350.t1.2	tr|A0A2J7ZU46|A0A2J7ZU46_9CHLO	34.5	316	174	8	51	362	287	573	3.36e-36	138
Cre08.g379800.t1.2	tr|A0A7R9YW17|A0A7R9YW17_9CHLO	35.6	1306	662	42	856	2100	2	1189	7.37e-165	539
Cre08.g373000.t1.2	tr|A0A2K3DS38|A0A2K3DS38_CHLRE	31.0	577	315	19	76	596	16	565	7.28e-27	112
Cre08.g384100.t1.1	tr|A0A2K3DS38|A0A2K3DS38_CHLRE	29.7	656	265	24	71	571	19	633	7.90e-42	157
Cre08.g372150.t1.2	tr|D8UA16|D8UA16_VOLCA	55.1	245	60	5	33	274	795	992	2.74e-69	228
Cre08.g385500.t1.2	tr|A0A250XI57|A0A250XI57_9CHLO	36.9	452	187	12	1	364	88	529	1.43e-91	285
Cre08.g385500.t2.1	tr|A0A250XI57|A0A250XI57_9CHLO	36.9	452	187	12	1	364	88	529	1.43e-91	285
Cre08.g368500.t1.2	tr|A0A836BMG7|A0A836BMG7_9CHLO	75.4	175	43	0	7	181	12	186	1.49e-96	274
Cre08.g377200.t1.1	tr|A0A835WI51|A0A835WI51_9CHLO	48.8	127	58	2	927	1047	2653	2778	4.02e-22	101
Cre08.g374600.t1.1	tr|A0A2K3DS38|A0A2K3DS38_CHLRE	43.4	175	67	6	1	154	1	164	1.92e-23	102
Cre08.g385050.t1.1	tr|A0A7S0RME0|A0A7S0RME0_9CHLO	30.1	332	193	9	136	442	789	1106	1.12e-28	119
Cre08.g361950.t1.1	tr|A0A835SV97|A0A835SV97_CHLIN	41.4	3089	1308	67	60	2872	499	3361	0.0	1609
Cre08.g361950.t2.1	tr|A0A835SV97|A0A835SV97_CHLIN	41.6	3070	1303	66	60	2847	499	3361	0.0	1614
Cre08.g382800.t1.2	tr|A0A150GBS0|A0A150GBS0_GONPE	27.8	515	217	14	132	565	265	705	4.74e-37	145
Cre08.g381400.t1.2	tr|A0A835T7K8|A0A835T7K8_CHLIN	34.4	511	195	14	538	1026	301	693	4.72e-12	67.0
Cre08.g358554.t1.1	tr|A0A150G279|A0A150G279_GONPE	51.4	311	69	6	35	333	1	241	2.51e-61	200
Cre08.g361400.t1.2	tr|A0A835SUR5|A0A835SUR5_CHLIN	67.3	1917	438	41	1	1830	1	1815	0.0	1039
Cre08.g374300.t1.1	tr|A0A835SHJ2|A0A835SHJ2_CHLIN	64.1	780	205	11	1	763	2	723	1.36e-243	692
Cre08.g374200.t1.1	tr|A0A7S0RME0|A0A7S0RME0_9CHLO	25.4	366	177	10	23	362	811	1106	1.75e-17	85.5
Cre08.g360600.t1.1	tr|A0A7R9V5K8|A0A7R9V5K8_9CHLO	33.6	131	78	2	1	122	1	131	2.91e-17	82.4
Cre08.g376250.t1.1	tr|A0A2K3DS38|A0A2K3DS38_CHLRE	31.1	666	326	20	86	670	20	633	2.69e-46	171
Cre08.g358555.t1.1	tr|A0A835T7L9|A0A835T7L9_CHLIN	28.6	196	97	6	225	394	1317	1495	1.00e-11	63.5
Cre08.g362150.t1.1	tr|A0A835SV97|A0A835SV97_CHLIN	40.1	3105	1285	61	28	2799	499	3361	0.0	1579
Cre08.g384750.t1.1	tr|A0A250XI57|A0A250XI57_9CHLO	40.3	352	170	10	94	418	87	425	2.98e-84	269
Cre08.g358569.t1.1	tr|A0A250WR09|A0A250WR09_9CHLO	24.5	698	384	23	50	700	13	614	1.29e-36	144
Cre08.g372650.t1.2	tr|A0A2K3DS38|A0A2K3DS38_CHLRE	28.6	566	302	18	3	485	19	565	4.50e-22	97.1
Cre08.g365103.t1.1	tr|A0A835W0U1|A0A835W0U1_CHLIN	37.1	210	115	7	295	500	6694	6890	8.09e-25	105
Cre08.g359450.t1.2	tr|A0A835WWV1|A0A835WWV1_9CHLO	29.4	388	203	9	144	508	113	452	1.92e-34	137
Cre08.g373300.t1.1	tr|A0A836BR11|A0A836BR11_9CHLO	53.2	301	125	5	486	771	575	874	1.61e-87	298
Cre08.g362450.t1.2	tr|A0A250XI57|A0A250XI57_9CHLO	39.7	350	172	10	308	625	87	429	2.10e-75	251
Cre08.g369950.t1.1	tr|A0A2K3DH75|A0A2K3DH75_CHLRE	54.3	2289	364	29	1	1745	1	2139	0.0	1210
Cre08.g382250.t1.2	tr|A0A835SEW7|A0A835SEW7_CHLIN	32.2	214	124	5	962	1156	1023	1234	3.96e-21	96.7
Cre08.g359600.t1.2	tr|A0A835W0U1|A0A835W0U1_CHLIN	47.4	213	96	3	652	863	6693	6890	6.69e-53	197
Cre08.g383950.t1.1	tr|A0A2K3DS38|A0A2K3DS38_CHLRE	28.7	655	276	23	50	553	19	633	1.29e-35	139
Cre08.g373374.t1.1	tr|D8UM33|D8UM33_VOLCA	31.3	182	83	4	350	489	106	287	7.45e-15	72.4
Cre08.g366101.t1.1	tr|A0A835WDN6|A0A835WDN6_CHLIN	92.9	2163	130	2	1	2139	1	2163	0.0	1431
Cre08.g365150.t2.1	tr|A0A835W0U1|A0A835W0U1_CHLIN	37.6	210	114	7	344	549	6694	6890	7.57e-26	109
Cre08.g365150.t1.2	tr|A0A835W0U1|A0A835W0U1_CHLIN	37.6	210	114	7	344	549	6694	6890	7.57e-26	109
Cre08.g365200.t1.2	tr|A0A835W0U1|A0A835W0U1_CHLIN	37.6	210	114	7	344	549	6694	6890	7.57e-26	109
Cre08.g358600.t1.1	tr|A0A835YH13|A0A835YH13_9CHLO	48.1	451	126	13	31	476	7	354	2.99e-71	226
Cre08.g362000.t1.2	tr|A0A835SV97|A0A835SV97_CHLIN	39.3	2647	1166	59	1	2376	884	3361	0.0	1135
Cre08.g359900.t1.1	tr|A0A835SCQ1|A0A835SCQ1_CHLIN	38.6	280	157	6	4	277	38	308	4.53e-41	161
Cre08.g365065.t1.1	tr|A0A835W0U1|A0A835W0U1_CHLIN	37.6	210	114	7	3	208	6694	6890	5.99e-29	110
Cre08.g365065.t2.1	tr|A0A835W0U1|A0A835W0U1_CHLIN	37.6	210	114	7	3	208	6694	6890	5.99e-29	110
Cre08.g379350.t1.1	tr|A0A835TPX6|A0A835TPX6_CHLIN	38.4	310	176	3	92	394	51	352	1.44e-59	194
Cre08.g377400.t1.1	tr|A0A2J7ZS76|A0A2J7ZS76_9CHLO	40.4	89	52	1	1102	1189	1662	1750	4.20e-11	63.9
Cre08.g384628.t1.1	tr|A0A835T7K8|A0A835T7K8_CHLIN	34.9	215	104	8	416	611	308	505	5.29e-11	63.2
Cre08.g369150.t1.1	tr|A0A7S0N7F3|A0A7S0N7F3_9CHLO	46.1	601	279	12	215	774	206	802	1.58e-151	459
Cre08.g382200.t1.1	tr|A0A835SEW7|A0A835SEW7_CHLIN	32.9	213	124	5	878	1072	1023	1234	1.80e-22	100
Cre08.g382200.t2.1	tr|A0A835SEW7|A0A835SEW7_CHLIN	32.9	213	124	5	878	1072	1023	1234	1.80e-22	100
Cre08.g363100.t1.1	tr|A0A835TDS7|A0A835TDS7_9CHLO	67.3	1766	494	11	52	1814	71	1756	0.0	2366
Cre08.g373688.t1.1	tr|A0A836C725|A0A836C725_9CHLO	34.0	362	188	5	2844	3201	741	1055	9.61e-36	147
Cre08.g373688.t2.1	tr|A0A836C725|A0A836C725_9CHLO	34.0	362	188	5	2844	3201	741	1055	9.61e-36	147
Cre08.g365100.t1.1	tr|A0A835W0U1|A0A835W0U1_CHLIN	37.1	210	115	7	354	559	6694	6890	3.40e-25	107
Cre08.g365100.t2.1	tr|A0A835W0U1|A0A835W0U1_CHLIN	37.1	210	115	7	344	549	6694	6890	3.12e-25	107
Cre08.g363874.t1.1	tr|A0A836B808|A0A836B808_9CHLO	46.3	229	104	5	593	814	628	844	3.80e-43	168
Cre08.g363874.t2.1	tr|A0A836B808|A0A836B808_9CHLO	46.3	229	104	5	592	813	628	844	3.79e-43	168
Cre08.g368050.t1.2	tr|A0A150GKF5|A0A150GKF5_GONPE	68.8	128	33	1	33	160	14	134	1.25e-58	178
Cre08.g360100.t1.2	tr|A0A150GP53|A0A150GP53_GONPE	79.0	428	77	5	107	529	4	423	7.55e-217	603
Cre08.g365000.t1.1	tr|A0A7R9V637|A0A7R9V637_9CHLO	37.3	252	99	4	207	458	26	218	3.16e-34	128
Cre08.g374700.t1.1	tr|A0A7S0V6Q8|A0A7S0V6Q8_9CHLO	27.7	465	206	9	1584	1979	8	411	2.79e-28	117
Cre08.g364950.t1.1	tr|A0A835W0U1|A0A835W0U1_CHLIN	37.6	210	114	7	365	570	6694	6890	1.60e-25	108
Cre08.g364950.t2.1	tr|A0A835W0U1|A0A835W0U1_CHLIN	37.6	210	114	7	365	570	6694	6890	1.60e-25	108
Cre08.g375084.t1.1	tr|A0A699Z2Q7|A0A699Z2Q7_HAELA	60.9	110	39	2	65	171	113	221	1.07e-30	124
Cre08.g375084.t2.1	tr|A0A699Z2Q7|A0A699Z2Q7_HAELA	38.9	347	178	5	65	408	113	428	1.78e-32	130
Cre08.g379450.t1.1	tr|A0A7S3QMJ2|A0A7S3QMJ2_DUNTE	38.1	1496	509	37	13	1348	12	1250	8.57e-267	798
Cre08.g380201.t1.1	tr|A0A836BAU5|A0A836BAU5_9CHLO	78.3	594	90	2	12	566	1	594	8.36e-306	837
Cre08.g377350.t1.1	tr|A0A2J7ZZC2|A0A2J7ZZC2_9CHLO	41.5	193	106	4	760	946	308	499	1.85e-30	127
Cre08.g362050.t1.2	tr|A0A835SV97|A0A835SV97_CHLIN	39.9	3072	1351	56	58	2842	499	3361	0.0	1570
Cre08.g364000.t1.1	tr|A0A2J7ZSA6|A0A2J7ZSA6_9CHLO	33.0	200	102	8	1287	1466	1014	1201	8.04e-17	83.6
Cre08.g358571.t1.1	tr|A0A150GRG7|A0A150GRG7_GONPE	45.9	196	87	4	439	621	176	365	1.93e-37	142
Cre08.g381950.t1.2	tr|A0A7S0RME0|A0A7S0RME0_9CHLO	40.2	266	146	3	470	731	789	1045	1.21e-50	193
Cre08.g381600.t1.2	tr|A0A835T6C7|A0A835T6C7_CHLIN	58.9	158	56	5	101	251	80	235	1.60e-53	183
Cre08.g363150.t1.2	tr|A0A835TDS7|A0A835TDS7_9CHLO	79.6	1743	321	14	28	1741	48	1784	0.0	2764
Cre08.g365050.t1.2	tr|A0A835W0U1|A0A835W0U1_CHLIN	37.1	210	115	7	344	549	6694	6890	1.01e-25	108
Cre08.g384900.t1.2	tr|A0A835S917|A0A835S917_CHLIN	94.0	300	18	0	1	300	1	300	7.33e-214	580
Cre08.g370550.t1.1	tr|D8U4H2|D8U4H2_VOLCA	67.2	595	106	4	5	596	17	525	7.92e-266	734
Cre08.g372716.t1.2	tr|A0A2K3DS38|A0A2K3DS38_CHLRE	29.7	576	290	16	2	490	18	565	5.51e-31	124
Cre08.g381550.t1.2	tr|A0A835T6C7|A0A835T6C7_CHLIN	57.3	157	59	5	108	257	80	235	2.12e-50	174
Cre08.g363250.t1.1	tr|A0A835SZ93|A0A835SZ93_9CHLO	46.7	2517	936	61	6	2276	8	2364	2.59e-225	736
Cre08.g362019.t1.1	tr|A0A835SV97|A0A835SV97_CHLIN	60.4	389	127	4	60	448	499	860	4.04e-142	446
Cre08.g364931.t1.1	tr|A0A835W0U1|A0A835W0U1_CHLIN	37.6	210	114	7	333	538	6694	6890	1.21e-25	108
Cre08.g370000.t1.1	tr|A0A2K3DH75|A0A2K3DH75_CHLRE	72.0	2199	433	22	1	2076	1	2140	0.0	1798
Cre08.g373200.t1.2	tr|A0A835TM70|A0A835TM70_9CHLO	48.5	2264	1074	22	1	2201	103	2337	0.0	1768
Cre08.g360450.t1.1	tr|A0A835XG35|A0A835XG35_9CHLO	23.6	2126	728	50	212	2158	150	1558	2.94e-81	293
Cre08.g364862.t1.2	tr|A0A835YGD6|A0A835YGD6_9CHLO	28.2	550	292	12	202	699	81	579	7.38e-49	186
Cre08.g376950.t1.1	tr|D8UIL6|D8UIL6_VOLCA	25.7	536	228	22	163	629	123	557	5.91e-25	106
Cre08.g370050.t1.1	tr|A0A2K3DH75|A0A2K3DH75_CHLRE	69.0	171	36	4	1788	1956	1419	1574	8.21e-37	149
Cre08.g382100.t1.2	tr|A0A835SEW7|A0A835SEW7_CHLIN	32.2	214	128	3	1153	1349	1023	1236	9.63e-24	105
Cre08.g371800.t1.2	tr|A0A2J8A3M6|A0A2J8A3M6_9CHLO	28.8	542	288	22	61	545	139	639	8.76e-21	92.4
Cre08.g370150.t1.1	tr|A0A2K3DH75|A0A2K3DH75_CHLRE	100	2157	0	0	1	2157	1	2157	0.0	2692
Cre08.g372550.t1.1	tr|A0A7S0RME0|A0A7S0RME0_9CHLO	30.3	317	179	13	4	293	805	1106	2.84e-26	105
Cre08.g373150.t1.1	tr|A0A2K3DS38|A0A2K3DS38_CHLRE	29.6	756	316	24	63	736	14	635	7.49e-38	147
Cre08.g379500.t1.1	tr|A0A150G2W1|A0A150G2W1_GONPE	42.2	199	95	7	891	1080	1142	1329	1.52e-32	134
Cre08.g364100.t1.2	tr|A0A836BZP8|A0A836BZP8_9CHLO	70.5	468	129	5	4	466	8	471	2.32e-245	674
Cre08.g365750.t1.1	tr|A0A150FUH5|A0A150FUH5_GONPE	34.4	375	178	12	60	413	79	406	2.73e-40	148
Cre08.g384390.t1.1	tr|A0A2K3DIB3|A0A2K3DIB3_CHLRE	100	3491	0	0	1	3491	1	3491	0.0	3799
Cre08.g377750.t1.1	tr|A0A835SJ37|A0A835SJ37_CHLIN	53.4	1578	505	40	32	1563	7	1400	3.73e-183	582
Cre08.g377750.t2.1	tr|A0A835SJ37|A0A835SJ37_CHLIN	53.4	1578	505	40	32	1563	7	1400	3.73e-183	582
Cre08.g385650.t1.2	tr|A0A2K3DFR1|A0A2K3DFR1_CHLRE	24.9	241	141	5	23	263	1	201	5.27e-18	82.0
Cre08.g382150.t1.1	tr|A0A835WSD9|A0A835WSD9_9CHLO	82.0	1436	230	11	102	1521	44	1466	0.0	1650
Cre08.g362100.t1.1	tr|A0A835SV97|A0A835SV97_CHLIN	40.8	3079	1355	67	28	2836	482	3361	0.0	1588
Cre08.g370750.t1.1	tr|A0A2K3DH75|A0A2K3DH75_CHLRE	90.4	157	14	1	1586	1742	1415	1570	5.69e-58	219
Cre08.g370750.t2.1	tr|A0A2K3DH75|A0A2K3DH75_CHLRE	90.4	157	14	1	1585	1741	1415	1570	5.68e-58	219
Cre08.g372600.t1.2	tr|A0A2K3DS38|A0A2K3DS38_CHLRE	29.6	594	272	19	76	567	16	565	2.84e-31	125
Cre08.g360150.t1.1	tr|A0A2J8A3M6|A0A2J8A3M6_9CHLO	30.6	304	177	14	452	740	334	618	2.54e-16	79.3
Cre08.g359000.t1.2	tr|A0A150FUH5|A0A150FUH5_GONPE	34.0	332	158	8	136	453	124	408	8.78e-40	147
Cre08.g365205.t1.1	tr|A0A835W0U1|A0A835W0U1_CHLIN	37.6	210	114	7	344	549	6694	6890	7.57e-26	109
Cre08.g365205.t2.1	tr|A0A835W0U1|A0A835W0U1_CHLIN	37.6	210	114	7	344	549	6694	6890	7.57e-26	109
Cre07.g334200.t1.2	tr|A0A835SZ11|A0A835SZ11_CHLIN	38.1	452	255	9	170	613	663	1097	3.76e-77	265
Cre07.g319300.t1.1	tr|A0A836B808|A0A836B808_9CHLO	92.7	1527	103	5	1	1522	1	1523	0.0	2800
Cre07.g355800.t1.1	tr|A0A835VQW0|A0A835VQW0_9CHLO	38.3	196	86	3	30	224	30	191	3.68e-26	112
Cre07.g325050.t1.1	tr|A0A835WWV1|A0A835WWV1_9CHLO	40.7	756	367	19	57	768	695	1413	3.71e-178	545
Cre07.g341251.t1.1	tr|A0A836BR11|A0A836BR11_9CHLO	53.5	282	115	5	697	971	575	847	1.39e-83	287
Cre07.g341000.t1.1	tr|A0A2K3DKN3|A0A2K3DKN3_CHLRE	100	2822	0	0	1	2822	1	2822	0.0	3766
Cre07.g356550.t1.1	tr|A0A2K3DLN4|A0A2K3DLN4_CHLRE	57.5	654	227	12	2	626	343	974	5.63e-162	555
Cre07.g356550.t2.1	tr|A0A2K3DLN4|A0A2K3DLN4_CHLRE	57.5	654	227	12	2	626	343	974	4.70e-162	555
Cre07.g329250.t1.1	tr|A0A2K3DJS2|A0A2K3DJS2_CHLRE	100	1013	0	0	1	1013	1	1013	0.0	1600
Cre07.g351700.t1.2	tr|A0A835SMN7|A0A835SMN7_CHLIN	99.4	171	1	0	1	171	1	171	7.90e-120	332
Cre07.g323350.t1.2	tr|A0A2K3DS38|A0A2K3DS38_CHLRE	38.5	252	103	7	68	284	15	249	6.02e-33	130
Cre07.g334100.t1.1	tr|A0A150GXF6|A0A150GXF6_GONPE	29.9	452	228	12	585	984	759	1173	5.07e-41	162
Cre07.g340050.t1.1	tr|A0A699ZUB9|A0A699ZUB9_HAELA	58.7	412	93	4	9	389	27	392	2.79e-149	443
Cre07.g335950.t1.2	tr|A0A2J7ZMF7|A0A2J7ZMF7_9CHLO	32.6	258	131	10	102	343	419	649	8.56e-19	84.3
Cre07.g339100.t1.1	tr|A0A2K3DFR1|A0A2K3DFR1_CHLRE	37.7	162	95	3	763	922	99	256	9.18e-25	110
Cre07.g327000.t1.2	tr|A0A250X3K2|A0A250X3K2_9CHLO	33.5	547	264	13	9	523	19	497	3.58e-63	218
Cre07.g341553.t1.1	tr|A0A2J7ZU46|A0A2J7ZU46_9CHLO	38.3	592	320	11	2	573	8	574	2.14e-86	296
Cre07.g343300.t1.1	tr|A0A835T7K8|A0A835T7K8_CHLIN	28.5	565	260	20	415	887	307	819	8.80e-17	82.0
Cre07.g338550.t1.1	tr|A0A835Y0L8|A0A835Y0L8_9CHLO	32.0	359	204	7	5288	5635	2085	2414	1.71e-35	147
Cre07.g350300.t1.2	tr|A0A835VUI9|A0A835VUI9_CHLIN	59.8	117	47	0	181	297	469	585	1.45e-49	169
Cre07.g343466.t1.1	tr|A0A835T7K8|A0A835T7K8_CHLIN	38.4	190	75	7	359	529	339	505	2.37e-14	72.4
Cre07.g351150.t1.2	tr|A0A250X6G6|A0A250X6G6_9CHLO	44.1	313	150	8	20	319	12	312	6.56e-78	256
Cre07.g319350.t1.1	tr|A0A836BR11|A0A836BR11_9CHLO	47.6	317	110	6	609	917	576	844	8.67e-77	268
Cre07.g319350.t2.1	tr|A0A836BR11|A0A836BR11_9CHLO	47.6	317	110	6	609	917	576	844	8.67e-77	268
Cre07.g344771.t1.2	tr|A0A835T7K8|A0A835T7K8_CHLIN	37.2	390	163	11	342	701	320	657	1.66e-11	64.7
Cre07.g351600.t1.2	tr|A0A7S3VVE9|A0A7S3VVE9_DUNTE	34.0	620	259	12	19	625	84	566	1.77e-53	193
Cre07.g316150.t1.1	tr|A0A835T7K8|A0A835T7K8_CHLIN	30.1	459	191	17	463	841	306	714	1.54e-22	100
Cre07.g313650.t1.1	tr|A0A835SUQ0|A0A835SUQ0_CHLIN	39.1	940	456	25	98	1009	93	944	4.13e-104	370
Cre07.g313650.t2.1	tr|A0A835SUQ0|A0A835SUQ0_CHLIN	39.1	940	456	25	98	1009	93	944	4.10e-104	370
Cre07.g324100.t1.1	tr|A0A150GII8|A0A150GII8_GONPE	47.2	89	47	0	209	297	19	107	1.13e-18	87.4
Cre07.g337300.t1.1	tr|A0A7S0RME0|A0A7S0RME0_9CHLO	40.9	1317	505	31	3	1260	15	1116	2.63e-252	746
Cre07.g325737.t1.1	tr|A0A2K3DJF0|A0A2K3DJF0_CHLRE	100	396	0	0	1	396	1	396	8.24e-289	778
Cre07.g342450.t1.1	tr|A0A835Y6X2|A0A835Y6X2_9CHLO	46.0	3423	1108	73	7	3231	3	2875	0.0	1305
Cre07.g343534.t1.1	tr|A0A835T7K8|A0A835T7K8_CHLIN	37.6	197	70	7	367	540	339	505	1.87e-12	67.8
Cre07.g322350.t1.1	tr|A0A2K3DZY1|A0A2K3DZY1_CHLRE	69.5	59	18	0	2320	2378	1453	1511	4.11e-19	91.7
Cre07.g341555.t1.1	tr|A0A2J7ZU46|A0A2J7ZU46_9CHLO	38.2	592	321	11	357	928	8	574	3.00e-85	293
Cre07.g317300.t1.1	tr|A0A7R9VMI2|A0A7R9VMI2_9CHLO	41.2	194	95	6	84	264	4	191	1.01e-35	130
Cre07.g347100.t1.2	tr|A0A835SB24|A0A835SB24_CHLIN	92.2	282	22	0	1	282	1	282	2.73e-200	545
Cre07.g354650.t1.2	tr|A0A250XAI7|A0A250XAI7_9CHLO	28.5	583	327	19	1	559	23	539	6.63e-35	144
Cre07.g326050.t1.1	tr|A0A835YBL2|A0A835YBL2_9CHLO	69.1	68	21	0	1698	1765	823	890	3.84e-17	84.3
Cre07.g334950.t1.1	tr|A0A2K3DZY1|A0A2K3DZY1_CHLRE	43.3	520	189	11	1107	1595	1182	1626	4.55e-91	325
Cre07.g350200.t1.2	tr|A0A835VUI9|A0A835VUI9_CHLIN	62.4	109	41	0	90	198	469	577	1.22e-49	167
Cre07.g349540.t1.1	tr|A0A150H3A5|A0A150H3A5_GONPE	37.7	260	119	9	418	670	436	659	7.85e-34	135
Cre07.g349540.t2.1	tr|A0A150H3A5|A0A150H3A5_GONPE	41.5	176	86	4	81	252	497	659	6.83e-32	122
Cre07.g349540.t3.1	tr|A0A150H3A5|A0A150H3A5_GONPE	38.9	113	58	2	16	128	558	659	4.21e-18	77.8
Cre07.g318551.t1.1	tr|A0A250X2V0|A0A250X2V0_9CHLO	54.5	123	52	2	919	1037	1159	1281	7.12e-34	139
Cre07.g352350.t1.2	tr|A0A7S0X0W8|A0A7S0X0W8_9CHLO	32.9	240	139	8	472	694	202	436	5.31e-25	107
Cre07.g329700.t1.2	tr|A0A7S0X0W8|A0A7S0X0W8_9CHLO	32.5	243	145	6	184	412	199	436	7.90e-30	118
Cre07.g351900.t1.1	tr|A0A835YDE0|A0A835YDE0_9CHLO	32.0	247	125	3	1001	1244	1166	1372	5.24e-31	129
Cre07.g316650.t1.1	tr|A0A835YDE0|A0A835YDE0_9CHLO	38.6	814	407	18	85	875	640	1383	2.09e-148	478
Cre07.g325760.t1.1	tr|A0A835W851|A0A835W851_CHLIN	62.5	405	112	5	1	399	1	371	8.66e-123	384
Cre07.g319340.t1.1	tr|A0A836B808|A0A836B808_9CHLO	95.3	896	39	2	1	895	630	1523	0.0	1701
Cre07.g343650.t1.1	tr|A0A835T7K8|A0A835T7K8_CHLIN	30.0	540	222	20	445	887	339	819	3.93e-15	76.6
Cre07.g349300.t1.2	tr|A0A7S3VVE9|A0A7S3VVE9_DUNTE	43.5	605	227	13	45	637	84	585	1.02e-126	398
Cre07.g346550.t1.1	tr|A0A836BR11|A0A836BR11_9CHLO	50.8	295	117	4	546	837	575	844	7.04e-74	258
Cre07.g332700.t1.1	tr|A0A250X5N1|A0A250X5N1_9CHLO	37.3	241	121	2	76	316	28	238	5.65e-42	159
Cre07.g324550.t1.1	tr|A0A150H2W0|A0A150H2W0_GONPE	70.8	359	105	0	54	412	7	365	1.10e-181	507
Cre07.g314450.t1.1	tr|A0A150GDH6|A0A150GDH6_GONPE	65.7	245	66	4	82	322	19	249	2.17e-101	299
Cre07.g321150.t1.1	tr|A0A2K3CW68|A0A2K3CW68_CHLRE	48.3	201	87	4	419	603	2308	2507	1.82e-43	167
Cre07.g343567.t1.1	tr|A0A835T7K8|A0A835T7K8_CHLIN	37.6	197	70	7	404	577	339	505	1.85e-12	67.8
Cre07.g340300.t1.2	tr|A0A835SW25|A0A835SW25_CHLIN	39.5	147	44	2	25	126	1814	1960	2.01e-24	94.0
Cre07.g325754.t1.1	tr|A0A2K3DZY1|A0A2K3DZY1_CHLRE	36.4	428	211	8	1021	1392	1206	1628	1.87e-65	241
Cre07.g344950.t1.2	tr|A0A7S0X1Z1|A0A7S0X1Z1_9CHLO	35.4	206	95	6	32	199	172	377	1.42e-29	109
Cre07.g325759.t1.1	tr|A0A2K3DZY1|A0A2K3DZY1_CHLRE	48.4	215	108	2	1313	1526	1411	1623	7.43e-51	194
Cre07.g320700.t1.1	tr|A0A2K3CW68|A0A2K3CW68_CHLRE	45.4	227	98	5	400	610	2291	2507	3.28e-44	169
Cre07.g320200.t1.1	tr|A0A150H325|A0A150H325_GONPE	60.3	728	270	6	1022	1748	3	712	5.24e-227	680
Cre07.g342650.t1.1	tr|A0A835T7K8|A0A835T7K8_CHLIN	34.8	420	191	15	360	740	334	709	1.23e-11	65.1
Cre07.g355350.t1.2	tr|A0A150GII8|A0A150GII8_GONPE	38.1	189	97	2	12	200	4	172	2.45e-24	104
Cre07.g343400.t1.1	tr|D8TZJ3|D8TZJ3_VOLCA	43.2	1170	460	29	15	1096	128	1181	1.44e-151	497
Cre07.g319850.t1.2	tr|A0A835S917|A0A835S917_CHLIN	32.1	296	159	8	872	1162	37	295	3.71e-39	145
Cre07.g354850.t1.2	tr|D8TZ56|D8TZ56_VOLCA	36.4	1449	648	40	65	1404	562	1846	7.65e-202	639
Cre07.g328900.t1.2	tr|A0A2K3DFR1|A0A2K3DFR1_CHLRE	30.4	263	171	7	25	285	3	255	1.53e-29	119
Cre07.g356250.t1.1	tr|A0A835TCJ4|A0A835TCJ4_CHLIN	56.3	71	30	1	460	529	936	1006	1.10e-16	80.1
Cre07.g326450.t1.1	tr|D8TU89|D8TU89_VOLCA	27.9	426	278	7	205	612	331	745	2.64e-27	114
Cre07.g324800.t1.2	tr|A0A836B2J9|A0A836B2J9_CHLIN	47.9	359	179	5	7	363	41	393	1.53e-103	308
Cre07.g335400.t1.1	tr|A0A250XJ57|A0A250XJ57_9CHLO	34.0	203	113	6	429	623	431	620	3.05e-22	98.2
Cre07.g354700.t1.1	tr|A0A2K3DLK9|A0A2K3DLK9_CHLRE	100	409	0	0	1	409	1	409	3.10e-286	773
Cre07.g330700.t1.2	sp|A8IH47|CFA91_CHLRE	100	866	0	0	1	866	1	866	0.0	1363
Cre07.g325720.t1.1	tr|A0A2K3CW68|A0A2K3CW68_CHLRE	55.9	299	121	3	1783	2076	2224	2516	2.06e-92	332
Cre07.g356900.t1.2	tr|A0A836C2S2|A0A836C2S2_9CHLO	32.6	129	70	2	305	426	174	292	1.07e-11	64.7
Cre07.g350451.t1.2	tr|A0A2J7ZSA6|A0A2J7ZSA6_9CHLO	30.6	872	457	22	17	855	377	1133	2.46e-92	329
Cre07.g338950.t1.2	tr|A0A835Y1G5|A0A835Y1G5_9CHLO	39.2	288	131	9	1163	1435	982	1240	2.83e-16	82.0
Cre07.g348650.t1.2	tr|A0A150GRG7|A0A150GRG7_GONPE	49.2	187	80	3	446	620	182	365	9.95e-43	158
Cre07.g344800.t1.2	tr|A8J0Y0|A8J0Y0_CHLRE	75.7	70	1	1	537	606	215	268	3.84e-25	101
Cre07.g349000.t1.1	tr|A0A836BR11|A0A836BR11_9CHLO	42.3	350	149	7	646	988	575	878	1.36e-62	226
Cre07.g342750.t1.1	tr|A0A835TAP9|A0A835TAP9_CHLIN	80.5	473	49	4	23	471	608	1061	2.89e-240	683
Cre07.g312701.t1.1	tr|A0A2J7ZU46|A0A2J7ZU46_9CHLO	38.3	533	285	9	153	665	66	574	1.43e-76	266
Cre07.g349167.t1.1	tr|A0A2K3DL68|A0A2K3DL68_CHLRE	100	63	0	0	1	63	1	63	7.04e-43	129
Cre07.g313600.t1.2	tr|A0A150GDH6|A0A150GDH6_GONPE	58.5	253	79	5	26	274	19	249	1.78e-86	258
Cre07.g321000.t1.1	tr|A0A835YBW2|A0A835YBW2_9CHLO	56.8	206	78	1	1648	1842	2080	2285	1.86e-60	226
Cre07.g325350.t1.1	tr|A0A835XQ81|A0A835XQ81_9CHLO	26.7	315	162	5	205	515	529	778	1.06e-17	86.3
Cre07.g356450.t1.1	tr|A0A2K3DLN4|A0A2K3DLN4_CHLRE	52.3	886	266	14	145	1014	241	985	5.66e-199	681
Cre07.g333816.t1.1	tr|A0A7S0RF59|A0A7S0RF59_9CHLO	32.1	324	189	8	423	734	12	316	3.72e-35	133
Cre07.g333570.t1.1	tr|A0A7S0RF59|A0A7S0RF59_9CHLO	34.2	231	138	4	14	244	14	230	9.71e-32	120
Cre07.g340100.t1.2	tr|A0A150GY56|A0A150GY56_GONPE	62.9	286	90	5	47	330	3	274	1.97e-57	210
Cre07.g314751.t1.1	tr|A0A2J7ZU46|A0A2J7ZU46_9CHLO	30.2	298	171	7	615	886	8	294	4.89e-23	101
Cre07.g348450.t1.1	tr|A0A2K3DFR1|A0A2K3DFR1_CHLRE	27.0	282	173	8	76	355	11	261	2.86e-24	102
Cre07.g320050.t1.1	tr|A0A835XL87|A0A835XL87_9CHLO	28.5	1079	605	30	153	1162	8	989	4.23e-72	257
Cre07.g320850.t1.2	tr|A0A835XQ70|A0A835XQ70_9CHLO	56.7	609	200	6	6	572	12	598	2.76e-234	662
Cre07.g351825.t1.1	tr|A0A835YDE0|A0A835YDE0_9CHLO	31.7	240	121	3	1028	1264	1166	1365	2.12e-30	127
Cre07.g347450.t1.2	tr|A0A2J8A6I1|A0A2J8A6I1_9CHLO	65.5	55	18	1	1206	1260	772	825	3.18e-15	77.0
Cre07.g350900.t1.1	tr|D8U4G9|D8U4G9_VOLCA	33.5	346	177	8	3	337	24	327	7.82e-32	125
Cre07.g352800.t1.2	tr|A0A150GV45|A0A150GV45_GONPE	49.1	1397	314	17	25	1379	8	1049	0.0	1029
Cre07.g329900.t1.1	tr|A0A150GRG7|A0A150GRG7_GONPE	26.3	171	105	4	771	926	179	343	1.62e-11	64.3
Cre07.g325722.t1.1	tr|A0A835TLJ9|A0A835TLJ9_CHLIN	88.2	459	33	5	1	456	1	441	3.97e-202	563
Cre07.g325722.t2.1	tr|A0A835TLJ9|A0A835TLJ9_CHLIN	90.0	450	33	4	1	447	1	441	2.23e-206	573
Cre07.g325722.t3.1	tr|A0A835TLJ9|A0A835TLJ9_CHLIN	88.4	450	39	5	1	446	1	441	5.64e-197	550
Cre07.g343200.t1.2	tr|D8TZJ3|D8TZJ3_VOLCA	33.9	1273	529	30	2	1173	119	1179	1.75e-120	414
Cre07.g335451.t1.1	tr|A0A2J7ZU46|A0A2J7ZU46_9CHLO	31.2	301	168	8	700	972	8	297	2.55e-22	99.4
Cre07.g347980.t1.1	tr|A0A150FX62|A0A150FX62_GONPE	37.6	255	147	6	541	788	27	276	4.54e-32	129
Cre07.g347980.t2.1	tr|A0A150FX62|A0A150FX62_GONPE	38.9	239	134	6	4	235	43	276	1.02e-31	127
Cre07.g340450.t1.1	tr|A0A835T2H6|A0A835T2H6_CHLIN	85.7	4947	648	22	49	4950	1	4933	0.0	8013
Cre07.g325738.t1.1	tr|A0A150FVP1|A0A150FVP1_GONPE	46.9	81	43	0	101	181	727	807	1.16e-16	82.8
Cre07.g325739.t1.1	tr|A0A835XJ08|A0A835XJ08_9CHLO	38.0	292	146	5	1612	1876	2698	2981	8.51e-46	179
Cre07.g319650.t1.1	tr|A0A835TM70|A0A835TM70_9CHLO	58.0	2386	827	28	3	2266	4	2337	0.0	2420
Cre07.g315600.t1.1	tr|A0A150GII8|A0A150GII8_GONPE	33.7	288	127	13	21	282	5	254	5.19e-21	94.0
Cre07.g354250.t1.2	tr|A0A836C2C7|A0A836C2C7_9CHLO	70.8	466	103	3	3	467	4	437	3.08e-223	621
Cre07.g345050.t1.2	tr|A0A150FVP1|A0A150FVP1_GONPE	64.8	71	25	0	206	276	727	797	2.40e-24	103
Cre07.g341150.t1.1	tr|A0A2K3DKN3|A0A2K3DKN3_CHLRE	86.2	2862	333	11	87	2938	13	2822	0.0	3190
Cre07.g324866.t1.1	tr|A0A250X4T6|A0A250X4T6_9CHLO	63.5	52	19	0	1572	1623	861	912	1.15e-12	69.3
Cre07.g333400.t1.1	tr|D8UIL6|D8UIL6_VOLCA	28.1	587	277	26	289	805	46	557	6.30e-38	146
Cre07.g355400.t1.1	tr|A0A7S0RME0|A0A7S0RME0_9CHLO	28.3	321	189	13	326	621	805	1109	2.43e-18	85.9
Cre07.g342600.t1.1	tr|A0A835TAP9|A0A835TAP9_CHLIN	81.5	302	56	0	14	315	285	586	6.85e-169	497
Cre07.g346000.t1.2	tr|A0A836C725|A0A836C725_9CHLO	54.2	96	44	0	816	911	580	675	1.44e-24	110
Cre07.g328850.t1.2	tr|A0A250X6G6|A0A250X6G6_9CHLO	39.1	258	151	4	2	258	7	259	6.28e-55	195
Cre07.g324500.t1.2	tr|A0A836BW14|A0A836BW14_9CHLO	24.5	421	227	19	125	476	145	543	2.28e-12	66.2
Cre07.g314500.t1.1	tr|A0A835YDE0|A0A835YDE0_9CHLO	45.7	499	228	8	328	825	918	1374	2.39e-112	378
Cre07.g351800.t1.1	tr|A0A150H3A5|A0A150H3A5_GONPE	35.4	257	117	8	370	619	420	634	3.71e-30	124
Cre07.g351800.t2.1	tr|A0A150H3A5|A0A150H3A5_GONPE	41.3	80	40	2	2	81	562	634	3.56e-14	67.0
Cre07.g337050.t1.2	tr|A0A2J8ABB1|A0A2J8ABB1_9CHLO	42.9	403	154	10	252	632	53	401	3.75e-63	211
Cre07.g357700.t1.1	tr|D8UEC6|D8UEC6_VOLCA	53.5	282	121	3	234	509	177	454	1.01e-85	269
Cre07.g327050.t1.2	tr|A0A835T7K8|A0A835T7K8_CHLIN	35.1	239	90	7	348	555	338	542	4.97e-15	76.3
Cre07.g342250.t1.2	tr|A0A7S0VD46|A0A7S0VD46_9CHLO	47.4	135	65	2	8	142	12	140	6.67e-30	102
Cre07.g320750.t1.1	tr|A0A150GRG7|A0A150GRG7_GONPE	43.9	228	105	6	470	682	176	395	1.22e-42	158
Cre07.g322176.t1.1	tr|A0A7S0WZH0|A0A7S0WZH0_9CHLO	41.8	282	131	5	765	1045	928	1177	2.29e-53	199
Cre07.g319750.t1.2	tr|A0A835SZ11|A0A835SZ11_CHLIN	36.3	80	51	0	481	560	976	1055	5.58e-11	62.4
Cre07.g335150.t1.1	tr|A0A150FVP1|A0A150FVP1_GONPE	51.3	76	37	0	23	98	724	799	1.93e-19	91.3
Cre07.g349520.t1.1	tr|A0A150H3A5|A0A150H3A5_GONPE	29.6	223	118	3	576	795	497	683	4.04e-20	92.4
Cre07.g342700.t1.1	tr|A0A2K3DKL9|A0A2K3DKL9_CHLRE	100	838	0	0	282	1119	26	863	0.0	1491
Cre07.g342700.t2.1	tr|A0A2K3DKL9|A0A2K3DKL9_CHLRE	100	863	0	0	1	863	1	863	0.0	1499
Cre07.g326150.t1.1	tr|A0A7S0RNC3|A0A7S0RNC3_9CHLO	66.7	105	32	1	34	135	46	150	1.41e-44	166
Cre07.g325713.t1.1	tr|A0A150H3B5|A0A150H3B5_GONPE	66.3	967	248	16	5	958	4	905	0.0	1069
Cre07.g333252.t1.1	tr|A0A836B808|A0A836B808_9CHLO	42.7	117	63	3	4	119	1382	1495	1.26e-17	75.1
Cre07.g356500.t1.1	tr|A0A2K3DLN4|A0A2K3DLN4_CHLRE	100	4704	0	0	1	4704	1	4704	0.0	7356
Cre07.g345250.t1.1	tr|A0A835T7K8|A0A835T7K8_CHLIN	35.3	201	86	6	396	577	330	505	5.83e-12	66.2
Cre07.g339850.t1.1	tr|A0A835SW25|A0A835SW25_CHLIN	36.7	376	164	7	473	776	1715	2088	2.98e-58	212
Cre07.g343250.t1.1	tr|A0A835T7K8|A0A835T7K8_CHLIN	32.5	271	112	7	415	660	307	531	1.17e-14	75.1
Cre07.g333535.t1.1	tr|A0A835YD45|A0A835YD45_9CHLO	49.9	668	326	7	1961	2621	3489	4154	2.76e-177	610
Cre07.g314900.t1.1	tr|A0A835SZ11|A0A835SZ11_CHLIN	33.2	382	231	12	236	603	693	1064	1.01e-50	188
Cre07.g338500.t1.1	tr|A0A2J8A6I1|A0A2J8A6I1_9CHLO	61.5	52	18	2	1087	1137	775	825	9.79e-12	65.5
Cre07.g332300.t1.2	tr|A0A836B808|A0A836B808_9CHLO	34.5	1126	588	34	116	1171	478	1523	1.40e-142	465
Cre07.g335750.t1.1	tr|A0A7R9V9L9|A0A7R9V9L9_9CHLO	66.8	787	228	11	8	782	4	769	2.85e-178	527
Cre07.g352900.t1.1	tr|A0A250X241|A0A250X241_9CHLO	31.7	495	244	16	1	469	1	427	4.32e-41	163
Cre07.g339900.t1.1	tr|A0A835SW25|A0A835SW25_CHLIN	36.2	384	175	5	543	856	1698	2081	1.07e-57	212
Cre07.g353850.t1.2	tr|A0A150GV05|A0A150GV05_GONPE	75.9	266	58	2	1	262	147	410	9.29e-111	332
Cre07.g340250.t1.1	tr|A0A835SW25|A0A835SW25_CHLIN	35.6	402	175	7	560	885	1698	2091	9.85e-56	207
Cre07.g350750.t1.2	tr|A0A835SR56|A0A835SR56_CHLIN	93.1	379	26	0	16	394	1	379	1.51e-268	726
Cre07.g334300.t1.1	tr|D8UKI9|D8UKI9_VOLCA	26.1	639	317	11	2134	2623	43	675	1.10e-60	219
Cre07.g343600.t1.1	tr|A0A835T7K8|A0A835T7K8_CHLIN	37.6	197	70	7	287	460	339	505	1.68e-12	67.8
Cre07.g350250.t1.2	tr|A0A835VUI9|A0A835VUI9_CHLIN	61.8	110	42	0	84	193	468	577	1.96e-49	167
Cre11.g467608.t1.1	tr|D8UIL6|D8UIL6_VOLCA	29.1	464	243	24	240	639	116	557	9.65e-27	111
Cre11.g467608.t2.1	tr|D8UIL6|D8UIL6_VOLCA	29.3	464	236	25	240	633	116	557	1.67e-26	110
Cre11.g477800.t1.1	tr|A0A835T7L9|A0A835T7L9_CHLIN	35.3	136	66	6	566	701	1289	1402	3.53e-11	63.9
Cre11.g467634.t1.1	tr|A0A150GBB4|A0A150GBB4_GONPE	35.3	309	145	9	1253	1558	145	401	1.34e-31	127
Cre11.g481050.t1.2	tr|A8HXE1|A8HXE1_CHLRE	63.0	73	27	0	128	200	56	128	5.12e-25	94.7
Cre11.g478050.t1.1	tr|A0A2J8A6I1|A0A2J8A6I1_9CHLO	62.5	56	19	2	1565	1619	772	826	1.32e-12	68.9
Cre11.g478050.t2.1	tr|A0A2J8A6I1|A0A2J8A6I1_9CHLO	62.5	56	19	2	1433	1487	772	826	1.19e-12	68.9
Cre11.g467706.t1.1	tr|A0A835T7L9|A0A835T7L9_CHLIN	39.2	380	180	8	141	474	1134	1508	2.89e-61	222
Cre11.g483400.t1.1	tr|A0A835WWV1|A0A835WWV1_9CHLO	24.0	579	288	22	82	546	803	1343	4.59e-26	111
Cre11.g467738.t1.1	tr|A0A835Y9Y3|A0A835Y9Y3_9CHLO	61.6	190	62	2	8	186	3	192	8.83e-83	241
Cre11.g468650.t1.2	tr|A0A2K3DS38|A0A2K3DS38_CHLRE	30.1	588	254	19	71	545	19	562	6.78e-34	134
Cre11.g480060.t1.2	tr|A0A835WCG8|A0A835WCG8_CHLIN	34.9	186	96	8	321	493	177	350	2.00e-13	69.3
Cre11.g483033.t1.1	tr|A0A2J7ZU46|A0A2J7ZU46_9CHLO	41.9	420	207	6	584	988	177	574	9.36e-74	258
Cre11.g483033.t2.1	tr|A0A2J7ZU46|A0A2J7ZU46_9CHLO	41.9	420	207	6	584	988	177	574	7.99e-74	258
Cre11.g467588.t1.1	tr|A0A150G2W1|A0A150G2W1_GONPE	36.2	174	92	7	494	657	1162	1326	2.21e-14	73.2
Cre11.g467565.t1.1	tr|A0A835TES8|A0A835TES8_9CHLO	48.3	1389	488	45	3	1239	6	1316	3.47e-102	352
Cre11.g475700.t1.1	tr|A0A150GV79|A0A150GV79_GONPE	37.4	628	295	17	118	716	12	570	1.10e-105	339
Cre11.g482001.t1.1	tr|A0A835WDN6|A0A835WDN6_CHLIN	43.3	409	224	6	284	688	49	453	5.40e-74	266
Cre11.g467758.t1.1	tr|A0A7S0UNT7|A0A7S0UNT7_9CHLO	49.5	91	43	1	585	672	22	112	2.11e-18	77.8
Cre11.g468356.t1.1	tr|A0A835SM06|A0A835SM06_CHLIN	84.6	1639	232	6	6	1643	5	1623	0.0	1654
Cre11.g468356.t2.1	tr|A0A835SM06|A0A835SM06_CHLIN	85.2	1626	232	5	6	1630	5	1623	0.0	1662
Cre11.g467627.t1.1	tr|A0A835SV97|A0A835SV97_CHLIN	76.5	510	100	3	57	557	1	499	7.47e-211	648
Cre11.g476050.t1.2	tr|A0A7S0R3Y7|A0A7S0R3Y7_9CHLO	33.0	1708	1056	26	1336	2999	1	1664	1.41e-282	887
Cre11.g467720.t1.1	tr|A0A835SW25|A0A835SW25_CHLIN	65.3	3533	870	66	1	3341	1	3369	0.0	2221
Cre11.g467720.t2.1	tr|A0A835SW25|A0A835SW25_CHLIN	65.3	3533	870	66	1	3341	1	3369	0.0	2221
Cre11.g467583.t1.1	tr|A0A150GII8|A0A150GII8_GONPE	50.5	101	46	2	40	138	5	103	1.07e-15	77.4
Cre11.g467678.t1.1	tr|A0A2K3CW68|A0A2K3CW68_CHLRE	42.3	253	129	7	1265	1504	2259	2507	1.58e-43	172
Cre11.g467644.t1.1	tr|A0A2J8AHR3|A0A2J8AHR3_9CHLO	44.3	176	45	3	534	684	226	373	1.99e-30	124
Cre11.g467756.t1.1	tr|A0A2K3D7X9|A0A2K3D7X9_CHLRE	100	567	0	0	1	567	1	567	0.0	967
Cre11.g467665.t1.1	tr|A0A835T2H6|A0A835T2H6_CHLIN	34.8	3476	1613	103	1035	4437	1159	4052	0.0	1535
Cre11.g467704.t1.1	tr|A0A2K3DS38|A0A2K3DS38_CHLRE	38.9	180	81	5	86	263	23	175	8.31e-23	101
Cre11.g467663.t1.1	tr|A0A835T2H6|A0A835T2H6_CHLIN	33.1	2676	1141	76	2768	5392	2030	4108	0.0	1158
Cre11.g467528.t1.1	tr|A0A835YD45|A0A835YD45_9CHLO	29.0	687	404	14	1719	2394	3507	4120	6.42e-59	223
Cre11.g467528.t2.1	tr|A0A835YD45|A0A835YD45_9CHLO	29.0	687	404	14	1719	2394	3507	4120	6.42e-59	223
Cre11.g467528.t3.1	tr|A0A835YD45|A0A835YD45_9CHLO	29.0	687	404	14	1668	2343	3507	4120	6.23e-59	223
Cre11.g479383.t1.1	tr|A0A835XGH4|A0A835XGH4_9CHLO	37.6	1038	497	15	126	1122	1237	2164	1.40e-130	458
Cre11.g467626.t1.1	tr|A0A150GBB4|A0A150GBB4_GONPE	33.3	381	197	8	1288	1664	142	469	3.28e-40	152
Cre11.g481400.t1.1	tr|A0A836C5B9|A0A836C5B9_9CHLO	72.1	587	127	2	529	1115	424	973	3.73e-214	641
Cre11.g469600.t1.2	tr|A0A835T7L9|A0A835T7L9_CHLIN	41.1	377	164	9	33	355	1128	1500	1.06e-67	243
Cre11.g467629.t1.1	tr|A0A835SV97|A0A835SV97_CHLIN	76.3	3025	492	43	59	2997	499	3385	0.0	3898
Cre11.g467629.t2.1	tr|A0A835SV97|A0A835SV97_CHLIN	77.3	2990	491	42	59	2962	499	3385	0.0	3919
Cre11.g467785.t1.1	tr|A0A835T7L9|A0A835T7L9_CHLIN	41.6	344	157	6	9	311	1160	1500	9.57e-67	231
Cre11.g483100.t1.1	tr|A0A836BR11|A0A836BR11_9CHLO	50.4	242	102	6	908	1149	627	850	7.18e-57	211
Cre11.g481866.t1.1	tr|A0A835WDN6|A0A835WDN6_CHLIN	32.7	275	79	7	4	253	72	265	6.36e-25	109
Cre11.g478128.t1.1	tr|A0A250XJ57|A0A250XJ57_9CHLO	26.9	484	202	13	360	737	517	954	4.67e-37	145
Cre11.g467781.t1.1	tr|A0A250XJ57|A0A250XJ57_9CHLO	24.8	606	282	14	72	579	424	953	1.59e-45	169
Cre11.g467586.t1.1	tr|A0A150G2W1|A0A150G2W1_GONPE	36.2	174	92	7	413	576	1162	1326	2.26e-14	72.8
Cre11.g467650.t1.1	tr|A0A835SJE7|A0A835SJE7_9CHLO	40.3	467	264	9	1	466	94	546	2.40e-99	316
Cre11.g467650.t2.1	tr|A0A835SJE7|A0A835SJE7_9CHLO	40.4	465	264	8	1	464	94	546	1.11e-100	319
Cre11.g472226.t1.1	tr|A0A2J7ZU46|A0A2J7ZU46_9CHLO	38.3	592	320	11	739	1310	8	574	8.13e-86	294
Cre11.g467568.t1.1	tr|A0A835SCQ1|A0A835SCQ1_CHLIN	30.4	227	131	8	42	253	60	274	3.05e-19	86.7
Cre11.g467547.t1.1	tr|A0A2J8AD36|A0A2J8AD36_9CHLO	43.9	155	81	2	232	383	273	424	3.52e-27	114
Cre11.g478950.t1.2	tr|A0A835W8D9|A0A835W8D9_9CHLO	80.0	1241	202	10	1	1209	1	1227	0.0	1162
Cre11.g467585.t1.1	tr|A0A150G2W1|A0A150G2W1_GONPE	36.2	174	92	7	331	494	1162	1326	1.61e-14	72.8
Cre11.g467585.t2.1	tr|A0A150G2W1|A0A150G2W1_GONPE	36.2	174	92	7	330	493	1162	1326	1.60e-14	72.8
Cre11.g479416.t1.1	tr|A0A835XGH4|A0A835XGH4_9CHLO	44.9	1037	442	22	1985	2951	81	1058	1.75e-195	669
Cre11.g467688.t1.1	tr|A0A150GTX6|A0A150GTX6_GONPE	38.7	372	188	10	1276	1642	962	1298	6.14e-49	187
Cre11.g467688.t2.1	tr|A0A150GTX6|A0A150GTX6_GONPE	38.7	372	188	10	1270	1636	962	1298	6.09e-49	187
Cre11.g467575.t1.1	tr|A0A2J8AHR3|A0A2J8AHR3_9CHLO	42.8	519	188	14	594	1085	202	638	5.91e-63	223
Cre11.g467575.t2.1	tr|A0A2J8AHR3|A0A2J8AHR3_9CHLO	42.8	519	188	14	574	1065	202	638	5.33e-63	223
Cre11.g478966.t1.1	tr|A0A835W8D9|A0A835W8D9_9CHLO	79.3	865	152	8	209	1058	375	1227	5.67e-281	816
Cre11.g482800.t1.1	tr|A0A835SW25|A0A835SW25_CHLIN	35.7	395	182	7	636	961	1701	2092	8.43e-54	202
Cre11.g480650.t1.2	tr|A0A835SP23|A0A835SP23_CHLIN	33.4	296	140	10	42	326	24	273	1.24e-26	105
Cre11.g477400.t1.1	tr|A0A835Y443|A0A835Y443_9CHLO	29.6	253	147	5	1041	1274	656	896	6.34e-25	110
Cre11.g467660.t1.1	tr|A0A835WWV1|A0A835WWV1_9CHLO	39.0	816	372	24	119	896	698	1425	4.39e-169	526
Cre11.g477450.t1.1	tr|A0A835YDE0|A0A835YDE0_9CHLO	32.6	141	93	1	5832	5972	1198	1336	1.04e-15	81.6
Cre11.g483000.t1.1	tr|A0A836BR11|A0A836BR11_9CHLO	51.0	241	101	6	1199	1439	627	850	1.92e-58	216
Cre11.g467636.t1.1	tr|A0A150GBB4|A0A150GBB4_GONPE	35.4	311	144	9	1335	1642	145	401	1.75e-33	132
Cre11.g467630.t1.1	tr|A0A835W0U1|A0A835W0U1_CHLIN	26.2	520	259	17	76	524	5705	6170	1.75e-17	82.8
Cre11.g467630.t2.1	tr|A0A835W0U1|A0A835W0U1_CHLIN	27.3	476	249	16	76	464	5705	6170	1.33e-19	89.0
Cre11.g467630.t3.1	tr|A0A835W0U1|A0A835W0U1_CHLIN	27.5	472	253	14	76	464	5705	6170	8.04e-22	95.9
Cre11.g481800.t1.1	tr|A0A835SUR5|A0A835SUR5_CHLIN	47.6	126	57	1	99	224	691	807	2.94e-31	128
Cre11.g467522.t1.1	tr|A0A2J7ZU46|A0A2J7ZU46_9CHLO	62.0	158	60	0	7	164	409	566	6.62e-58	191
Cre11.g468350.t1.2	tr|A0A835VY94|A0A835VY94_CHLIN	83.1	620	86	5	1	613	1	608	0.0	933
Cre11.g475600.t1.2	tr|A0A250XTH2|A0A250XTH2_9CHLO	34.9	459	208	10	1913	2355	974	1357	1.01e-39	160
Cre11.g467770.t1.1	tr|A0A836C2C7|A0A836C2C7_9CHLO	42.9	420	223	3	57	459	14	433	3.40e-106	321
Cre11.g479000.t1.1	tr|A0A150GRG7|A0A150GRG7_GONPE	42.6	216	106	3	611	812	158	369	4.18e-41	154
Cre11.g468374.t1.1	tr|A0A2K3DS38|A0A2K3DS38_CHLRE	37.9	248	106	7	71	277	19	259	6.87e-30	121
Cre11.g467573.t1.1	tr|A0A7S0X1Z1|A0A7S0X1Z1_9CHLO	33.9	233	104	7	53	263	178	382	4.56e-31	115
Cre11.g467523.t1.1	tr|A0A2J7ZU46|A0A2J7ZU46_9CHLO	47.7	717	318	9	118	779	1	715	3.24e-182	542
Cre11.g467556.t1.1	tr|A0A2K3D7A4|A0A2K3D7A4_CHLRE	100	1472	0	0	1	1472	1	1472	0.0	2220
Cre11.g467589.t1.1	tr|A0A150G2W1|A0A150G2W1_GONPE	36.2	174	92	7	494	657	1162	1326	2.21e-14	73.2
Cre11.g467651.t1.1	tr|A0A836C725|A0A836C725_9CHLO	29.4	636	372	16	84	687	89	679	5.18e-53	203
Cre11.g469500.t1.1	tr|A0A835TM70|A0A835TM70_9CHLO	51.3	2449	1007	36	12	2397	16	2341	0.0	2060
Cre11.g469500.t2.1	tr|A0A835TM70|A0A835TM70_9CHLO	51.5	2438	1007	35	12	2386	16	2341	0.0	2070
Cre14.g617200.t1.1	tr|A0A1W6R6K8|A0A1W6R6K8_9CHLO	45.3	86	42	2	317	397	512	597	1.12e-14	75.9
Cre14.g628237.t1.1	tr|A0A2K3DZY1|A0A2K3DZY1_CHLRE	34.6	436	218	10	1075	1462	1206	1622	3.62e-50	192
Cre14.g628237.t2.1	tr|A0A2K3DZY1|A0A2K3DZY1_CHLRE	34.6	436	218	10	337	724	1206	1622	8.17e-52	192
Cre14.g623439.t1.1	tr|A0A2J7ZVB9|A0A2J7ZVB9_9CHLO	44.3	228	100	6	1	228	118	318	1.12e-41	149
Cre14.g623439.t3.1	tr|A0A2J7ZVB9|A0A2J7ZVB9_9CHLO	42.7	220	99	6	1	220	118	310	1.32e-38	134
Cre14.g628900.t1.2	tr|A0A835WI66|A0A835WI66_9CHLO	60.6	851	228	18	2	762	44	877	9.23e-161	484
Cre14.g616450.t1.1	tr|A0A150GRG7|A0A150GRG7_GONPE	42.9	198	93	4	389	573	182	372	1.87e-35	136
Cre14.g627576.t1.1	tr|A0A7S0R3Y7|A0A7S0R3Y7_9CHLO	34.7	1706	1025	26	2522	4185	2	1660	2.29e-284	905
Cre14.g614200.t1.2	tr|A0A2K3DJF0|A0A2K3DJF0_CHLRE	90.1	293	29	0	72	364	88	380	1.06e-188	523
Cre14.g609400.t1.1	tr|A0A7R9YQZ1|A0A7R9YQZ1_9CHLO	56.9	225	94	3	148	372	73	294	3.65e-88	265
Cre14.g627000.t1.1	tr|D8TGY0|D8TGY0_VOLCA	32.0	334	136	8	720	1023	731	1003	5.37e-21	95.5
Cre14.g615650.t1.2	tr|A8J3V5|A8J3V5_CHLRE	34.5	261	143	7	50	298	34	278	1.69e-32	120
Cre14.g624950.t1.1	tr|A0A7S0R3Y7|A0A7S0R3Y7_9CHLO	35.2	1691	1018	23	2872	4512	2	1665	7.24e-303	960
Cre14.g619550.t1.2	tr|A0A7S0YIX0|A0A7S0YIX0_9CHLO	69.7	251	74	2	1	249	1	251	2.60e-127	357
Cre14.g619550.t2.1	tr|A0A7S0YIX0|A0A7S0YIX0_9CHLO	69.5	249	74	2	1	247	1	249	8.00e-126	353
Cre14.g611051.t1.1	tr|A0A2K3DS38|A0A2K3DS38_CHLRE	27.5	735	308	20	60	692	22	633	6.03e-40	152
Cre14.g618820.t1.2	tr|A8J0Y0|A8J0Y0_CHLRE	93.9	99	6	0	1	99	116	214	2.83e-59	198
Cre14.g628200.t1.1	tr|A0A2K3DZY1|A0A2K3DZY1_CHLRE	32.9	444	219	9	813	1204	1206	1622	2.11e-50	192
Cre14.g629464.t1.1	tr|A8J0Y0|A8J0Y0_CHLRE	91.3	231	3	2	1	231	1	214	2.13e-135	402
Cre14.g610550.t1.1	tr|A0A2J7ZMF7|A0A2J7ZMF7_9CHLO	38.8	614	258	24	36	605	979	1518	6.80e-75	257
Cre14.g631100.t1.1	tr|A0A835VY86|A0A835VY86_CHLIN	44.9	118	63	2	266	382	2123	2239	7.03e-19	90.9
Cre14.g627700.t1.1	tr|A0A835T7K8|A0A835T7K8_CHLIN	31.8	214	114	7	548	745	308	505	2.70e-11	64.3
Cre14.g629840.t1.1	tr|A0A835SUQ0|A0A835SUQ0_CHLIN	51.2	121	56	1	35	155	835	952	4.25e-28	121
Cre14.g632847.t1.1	tr|A0A7S0RCE8|A0A7S0RCE8_9CHLO	47.2	142	69	3	355	493	506	644	1.40e-34	135
Cre14.g628150.t1.1	tr|A0A835SJE7|A0A835SJE7_9CHLO	55.1	550	215	9	13	536	9	552	3.02e-183	535
Cre14.g618500.t1.1	tr|A0A150FUH5|A0A150FUH5_GONPE	32.9	386	194	10	54	424	67	402	1.50e-40	149
Cre14.g629150.t1.1	tr|A0A150GRG7|A0A150GRG7_GONPE	65.0	200	68	2	2318	2515	168	367	4.85e-82	274
Cre14.g632823.t1.1	tr|A0A2K3CXZ5|A0A2K3CXZ5_CHLRE	44.2	52	29	0	104	155	36	87	1.65e-11	57.8
Cre14.g632100.t1.1	tr|A0A150FUH5|A0A150FUH5_GONPE	34.4	291	152	7	2	277	136	402	9.89e-37	136
Cre14.g632750.t1.1	tr|A0A835W8I2|A0A835W8I2_9CHLO	39.7	431	219	9	1402	1796	1501	1926	3.37e-62	232
Cre14.g612900.t1.2	tr|A8J0Y0|A8J0Y0_CHLRE	98.6	214	3	0	1	214	1	214	5.48e-141	417
Cre14.g608550.t1.2	tr|A0A2K3DS38|A0A2K3DS38_CHLRE	36.3	237	123	6	71	288	19	246	3.58e-20	91.7
Cre14.g630750.t1.1	tr|A0A150GLN6|A0A150GLN6_GONPE	35.0	638	286	26	136	720	14	575	1.81e-61	228
Cre14.g616501.t1.1	tr|A0A2J7ZU46|A0A2J7ZU46_9CHLO	30.5	292	166	7	809	1074	8	288	8.79e-22	97.8
Cre14.g620050.t1.1	tr|A0A2K3DS38|A0A2K3DS38_CHLRE	29.0	704	288	21	90	664	15	635	4.70e-44	164
Cre14.g627411.t1.1	tr|A0A835T7K8|A0A835T7K8_CHLIN	32.0	363	148	10	425	722	338	666	1.20e-20	94.7
Cre14.g628533.t1.1	tr|A0A150GRG7|A0A150GRG7_GONPE	64.1	195	69	1	2287	2480	173	367	6.45e-80	268
Cre14.g618800.t1.1	tr|A0A835T7K8|A0A835T7K8_CHLIN	30.5	505	218	16	641	1058	307	765	2.55e-20	94.0
Cre14.g627788.t1.1	tr|A0A835T7K8|A0A835T7K8_CHLIN	34.0	215	107	7	536	732	308	505	9.27e-14	72.4
Cre14.g629241.t1.1	tr|A0A835T9S6|A0A835T9S6_CHLIN	57.8	277	110	3	1899	2170	1317	1591	1.60e-86	311
Cre14.g628850.t1.1	tr|A0A835T9S6|A0A835T9S6_CHLIN	57.4	277	111	3	2612	2883	1317	1591	9.06e-86	310
Cre14.g616550.t1.1	tr|A0A150GRG7|A0A150GRG7_GONPE	42.8	194	92	3	494	674	182	369	6.22e-35	135
Cre14.g610631.t1.1	tr|A0A2J7ZMF7|A0A2J7ZMF7_9CHLO	37.1	645	302	24	5	620	944	1513	5.59e-71	246
Cre14.g631950.t1.2	tr|A0A835XNU3|A0A835XNU3_9CHLO	54.2	393	139	5	3	362	12	396	4.91e-120	355
Cre14.g623926.t1.1	tr|A0A835S917|A0A835S917_CHLIN	34.0	94	55	1	31	124	207	293	6.61e-12	58.2
Cre14.g632250.t1.1	tr|A0A150FUH5|A0A150FUH5_GONPE	33.1	372	179	11	35	389	84	402	1.60e-38	143
Cre14.g618979.t1.1	tr|A0A835T7K8|A0A835T7K8_CHLIN	36.3	479	212	18	521	973	303	714	2.56e-16	80.9
Cre14.g628000.t1.2	tr|A0A699ZH94|A0A699ZH94_HAELA	78.7	61	13	0	150	210	167	227	6.97e-30	114
Cre14.g615350.t1.2	tr|A0A2J8AD36|A0A2J8AD36_9CHLO	61.3	119	46	0	26	144	598	716	3.86e-46	156
Cre14.g632700.t1.1	tr|A0A835W8I2|A0A835W8I2_9CHLO	39.1	448	204	10	1391	1786	1501	1931	3.16e-64	238
Cre14.g615950.t1.1	tr|A0A250XJ57|A0A250XJ57_9CHLO	49.4	962	453	14	104	1060	21	953	6.26e-288	828
Cre14.g610582.t1.1	tr|A0A2J7ZMF7|A0A2J7ZMF7_9CHLO	38.2	534	254	18	34	550	174	648	3.47e-63	221
Cre14.g612950.t1.1	tr|A0A835T9S6|A0A835T9S6_CHLIN	56.8	317	115	3	2031	2343	1291	1589	8.74e-97	345
Cre14.g622340.t1.1	tr|A0A2J7ZU46|A0A2J7ZU46_9CHLO	29.4	609	348	17	44	610	5	573	2.67e-35	138
Cre14.g624450.t1.1	tr|A0A835XG35|A0A835XG35_9CHLO	24.1	2455	839	52	65	2455	61	1557	2.46e-99	351
Cre14.g632900.t1.2	tr|A0A2K3DS38|A0A2K3DS38_CHLRE	27.6	588	278	22	71	558	19	558	6.27e-24	103
Cre14.g615400.t1.2	tr|A0A2J8AD36|A0A2J8AD36_9CHLO	61.1	126	47	1	3	128	594	717	1.66e-45	154
Cre14.g614900.t1.2	tr|A0A2J8AD36|A0A2J8AD36_9CHLO	67.2	702	108	4	1	700	1	582	5.56e-303	850
Cre14.g614900.t2.1	tr|A0A2J8AD36|A0A2J8AD36_9CHLO	68.0	694	108	3	1	692	1	582	3.89e-306	857
Cre14.g629429.t1.2	tr|A0A835T7K8|A0A835T7K8_CHLIN	33.3	216	107	9	535	731	308	505	1.15e-11	65.5
Cre14.g622410.t1.1	tr|A0A7S0RF59|A0A7S0RF59_9CHLO	31.2	218	143	3	487	698	100	316	1.37e-20	90.5
Cre14.g615600.t1.2	tr|D8U3E6|D8U3E6_VOLCA	46.1	152	77	3	4	152	81	230	8.66e-32	126
Cre14.g626466.t1.1	tr|A0A835SCQ1|A0A835SCQ1_CHLIN	76.2	898	151	8	1	868	1	865	0.0	917
Cre14.g619854.t1.2	tr|A0A2K3CXZ5|A0A2K3CXZ5_CHLRE	100	1020	0	0	1	1020	1	1020	0.0	1731
Cre14.g616589.t1.2	tr|A0A835SLU4|A0A835SLU4_CHLIN	51.0	241	63	3	1	238	55	243	1.52e-49	159
Cre14.g625050.t1.1	tr|A0A835XL87|A0A835XL87_9CHLO	61.8	259	90	3	937	1195	740	989	4.64e-95	323
Cre14.g619166.t1.1	tr|A0A2K3DFR1|A0A2K3DFR1_CHLRE	26.4	295	131	12	47	297	3	255	2.51e-16	76.3
Cre14.g617151.t1.2	tr|A0A1W6R6K8|A0A1W6R6K8_9CHLO	49.4	89	40	2	366	449	512	600	5.33e-18	86.7
Cre14.g622550.t1.1	tr|A0A7S3R371|A0A7S3R371_DUNTE	46.8	308	127	6	271	576	92	364	1.10e-68	230
Cre14.g628600.t1.1	tr|A0A835SQ00|A0A835SQ00_CHLIN	61.1	2840	732	46	115	2738	77	2759	0.0	1902
Cre14.g612200.t1.1	tr|A0A2J7ZQT3|A0A2J7ZQT3_9CHLO	32.3	2632	927	66	396	2737	161	2230	9.59e-176	604
Cre14.g612200.t2.1	tr|A0A2J7ZQT3|A0A2J7ZQT3_9CHLO	32.3	2632	927	66	396	2736	161	2230	5.12e-175	602
Cre14.g610050.t1.2	tr|A0A7S0RMM1|A0A7S0RMM1_9CHLO	44.4	881	315	16	41	913	9	722	1.58e-181	540
Cre14.g633300.t1.1	tr|A0A2K3CYW3|A0A2K3CYW3_CHLRE	100	5337	0	0	1	5337	1	5337	0.0	6268
Cre14.g625850.t1.1	tr|A0A836BW14|A0A836BW14_9CHLO	30.8	539	305	25	197	692	37	550	8.50e-57	202
Cre14.g632300.t1.1	tr|A0A835T7L9|A0A835T7L9_CHLIN	31.8	154	90	3	199	338	1317	1469	2.99e-14	71.2
Cre14.g626634.t1.1	tr|A0A250X031|A0A250X031_9CHLO	28.7	2150	904	47	25	2080	6	1619	1.10e-148	501
Cre14.g632650.t1.1	tr|A0A835W8I2|A0A835W8I2_9CHLO	38.9	435	207	10	1563	1947	1501	1926	2.32e-60	226
Cre16.g650250.t1.2	tr|A0A699Z2R0|A0A699Z2R0_HAELA	95.2	42	2	0	62	103	78	119	1.08e-23	84.3
Cre16.g663350.t1.2	tr|D8TWG4|D8TWG4_VOLCA	49.1	572	130	11	25	464	26	568	9.39e-135	402
Cre16.g676533.t1.1	tr|A0A7R9YW17|A0A7R9YW17_9CHLO	32.5	1342	660	35	1425	2730	58	1189	7.82e-137	459
Cre16.g676533.t2.1	tr|A0A7R9YW17|A0A7R9YW17_9CHLO	32.5	1342	660	35	1424	2729	58	1189	7.81e-137	459
Cre16.g649050.t1.1	tr|A0A835T9S6|A0A835T9S6_CHLIN	40.6	197	101	5	405	598	1406	1589	1.20e-32	134
Cre16.g649050.t2.1	tr|A0A835Y443|A0A835Y443_9CHLO	40.4	193	95	5	402	578	708	896	3.19e-33	135
Cre16.g668750.t1.1	tr|A0A836C3U1|A0A836C3U1_9CHLO	37.5	3318	1232	85	1	2860	16	2937	6.12e-244	829
Cre16.g673393.t1.1	tr|A0A250WWQ3|A0A250WWQ3_9CHLO	36.6	363	214	7	11	367	1510	1862	5.49e-55	202
Cre16.g673393.t2.1	tr|A0A250WWQ3|A0A250WWQ3_9CHLO	36.6	363	214	7	11	367	1510	1862	5.12e-55	202
Cre16.g689550.t1.1	tr|A0A250X4T6|A0A250X4T6_9CHLO	28.1	538	336	17	894	1412	531	1036	1.53e-32	134
Cre16.g648000.t1.2	tr|D8UEC6|D8UEC6_VOLCA	42.2	199	102	3	154	339	257	455	5.92e-40	144
Cre16.g664550.t1.2	tr|J7MB60|J7MB60_9CHLO	62.4	457	153	3	58	510	41	482	8.11e-207	579
Cre16.g656900.t1.2	tr|A0A150GRU7|A0A150GRU7_GONPE	38.6	474	201	7	42	511	1776	2163	4.51e-77	260
Cre16.g658526.t1.1	tr|D8U7A8|D8U7A8_VOLCA	60.9	115	43	2	54	168	215	327	4.23e-28	112
Cre16.g663280.t1.2	tr|D8TWG4|D8TWG4_VOLCA	89.0	82	9	0	168	249	487	568	4.64e-43	150
Cre16.g675637.t1.1	tr|A0A835Y389|A0A835Y389_9CHLO	54.3	70	32	0	22	91	984	1053	6.04e-21	82.0
Cre16.g661900.t1.1	tr|A0A835SZ11|A0A835SZ11_CHLIN	32.7	343	208	12	83	417	702	1029	6.99e-36	145
Cre16.g662000.t1.2	tr|A0A835SZ11|A0A835SZ11_CHLIN	32.7	343	208	12	45	379	702	1029	1.41e-37	146
Cre16.g686700.t1.1	tr|A0A835T6C7|A0A835T6C7_CHLIN	51.0	157	70	4	127	277	80	235	3.88e-41	148
Cre16.g691888.t1.1	tr|A0A7R9VFK8|A0A7R9VFK8_9CHLO	56.4	365	109	2	189	553	73	387	7.91e-139	410
Cre16.g691888.t2.1	tr|A0A7R9VFK8|A0A7R9VFK8_9CHLO	63.0	327	109	1	189	515	73	387	3.22e-146	428
Cre16.g669905.t1.1	tr|A0A7S0RF59|A0A7S0RF59_9CHLO	33.6	259	164	4	5	257	60	316	1.17e-31	122
Cre16.g688638.t1.1	tr|A0A2K3CW68|A0A2K3CW68_CHLRE	100	2764	0	0	1	2764	1	2764	0.0	4372
Cre16.g665100.t1.1	tr|A0A835YD45|A0A835YD45_9CHLO	30.6	674	381	13	1466	2126	3513	4112	9.04e-67	249
Cre16.g680902.t1.1	tr|A0A836BW14|A0A836BW14_9CHLO	28.3	555	311	20	202	732	38	529	1.05e-42	161
Cre16.g685250.t1.2	tr|A0A836B8Y8|A0A836B8Y8_9CHLO	84.7	1566	204	4	1	1532	1	1565	0.0	2408
Cre16.g647602.t1.1	tr|D8TWQ5|D8TWQ5_VOLCA	32.2	202	91	3	1385	1540	1199	1400	3.59e-18	87.8
Cre16.g669125.t1.1	tr|A0A250XB56|A0A250XB56_9CHLO	72.9	70	19	0	432	501	1	70	3.07e-30	113
Cre16.g679893.t1.1	tr|A0A835XJ08|A0A835XJ08_9CHLO	42.0	319	147	6	348	639	2696	3003	2.45e-60	216
Cre16.g691400.t1.1	tr|A0A2J7ZS76|A0A2J7ZS76_9CHLO	59.4	64	21	2	1471	1534	1692	1750	5.14e-12	67.4
Cre16.g682350.t1.1	tr|A0A250WU35|A0A250WU35_9CHLO	56.7	564	168	6	33	534	44	593	3.66e-222	634
Cre16.g682350.t2.1	tr|A0A250WU35|A0A250WU35_9CHLO	56.7	564	168	6	33	534	44	593	1.45e-223	634
Cre16.g689300.t1.1	tr|A0A250X4T6|A0A250X4T6_9CHLO	41.3	179	95	5	1399	1569	860	1036	1.22e-27	118
Cre16.g685400.t1.2	tr|A0A835SP23|A0A835SP23_CHLIN	31.5	273	152	10	6	250	24	289	1.26e-23	96.3
Cre16.g677050.t1.1	tr|A0A836C725|A0A836C725_9CHLO	58.4	1477	467	27	55	1487	1	1373	0.0	1457
Cre16.g667700.t1.2	tr|A0A250WR09|A0A250WR09_9CHLO	33.5	200	107	6	4	196	58	238	4.17e-20	92.8
Cre16.g675600.t1.1	tr|A0A2J8A950|A0A2J8A950_9CHLO	45.1	381	135	11	2322	2686	557	879	2.48e-65	243
Cre16.g674900.t1.1	tr|A0A835SW25|A0A835SW25_CHLIN	37.0	386	164	7	2178	2486	1702	2085	1.37e-63	239
Cre16.g684500.t1.2	tr|A8J0Y0|A8J0Y0_CHLRE	77.1	70	0	1	156	225	215	268	4.23e-28	103
Cre16.g674291.t1.1	tr|A0A835SCQ1|A0A835SCQ1_CHLIN	28.4	299	179	6	266	561	43	309	9.34e-25	105
Cre16.g692350.t1.1	tr|A0A835W8I2|A0A835W8I2_9CHLO	32.9	310	111	10	1558	1844	1499	1734	1.76e-17	85.9
Cre16.g690900.t1.2	tr|A0A835W8I9|A0A835W8I9_CHLIN	83.8	426	43	5	1	413	1	413	1.73e-211	584
Cre16.g660550.t1.2	tr|A0A2J7ZU46|A0A2J7ZU46_9CHLO	34.8	506	288	9	708	1196	8	488	1.05e-57	210
Cre16.g683953.t1.1	tr|A0A150FVP1|A0A150FVP1_GONPE	47.5	80	42	0	40	119	723	802	6.07e-18	87.4
Cre16.g672200.t1.1	tr|A0A2J8A051|A0A2J8A051_9CHLO	42.7	4642	1761	154	195	4202	95	4463	0.0	1394
Cre16.g669300.t1.2	tr|A0A2K3CUB7|A0A2K3CUB7_CHLRE	100	510	0	0	1	510	1	510	0.0	887
Cre16.g682552.t1.1	tr|A0A835T9S6|A0A835T9S6_CHLIN	51.8	311	127	6	2845	3153	1308	1597	5.04e-80	291
Cre16.g673821.t1.1	tr|A0A835YDE0|A0A835YDE0_9CHLO	31.4	353	212	8	512	844	1029	1371	4.97e-47	179
Cre16.g690000.t1.2	tr|A0A699ZQG0|A0A699ZQG0_HAELA	67.6	34	11	0	209	242	23	56	3.59e-12	58.9
Cre16.g674050.t1.2	tr|A0A835Y416|A0A835Y416_9CHLO	30.5	315	197	7	32	336	15026	15328	8.69e-23	96.3
Cre16.g669150.t1.2	tr|A0A250XB56|A0A250XB56_9CHLO	57.7	182	71	2	149	324	1	182	5.39e-71	215
Cre16.g680900.t1.2	tr|B2X2C0|B2X2C0_CHLMO	30.7	306	183	4	223	526	1874	2152	1.69e-31	131
Cre16.g675749.t1.1	tr|A0A835Y389|A0A835Y389_9CHLO	52.2	69	33	0	25	93	984	1052	2.52e-18	74.7
Cre16.g694207.t1.1	tr|A0A835WLJ1|A0A835WLJ1_9CHLO	44.9	118	60	4	27	142	2	116	8.37e-15	75.1
Cre16.g671600.t1.1	tr|A0A2J8A950|A0A2J8A950_9CHLO	32.8	290	132	7	1794	2073	1766	2002	6.01e-24	107
Cre16.g673600.t1.1	tr|A0A835SCQ1|A0A835SCQ1_CHLIN	29.9	281	187	5	352	628	34	308	2.37e-25	107
Cre16.g665050.t1.2	tr|A0A835YD45|A0A835YD45_9CHLO	29.9	682	404	14	1218	1888	3509	4127	4.32e-71	262
Cre16.g675200.t1.1	tr|D8UC66|D8UC66_VOLCA	26.2	267	137	9	130	368	47	281	9.23e-13	67.4
Cre16.g648600.t1.1	tr|A0A835Y0A4|A0A835Y0A4_9CHLO	48.8	86	40	1	1071	1152	898	983	1.05e-15	78.6
Cre16.g666602.t1.1	tr|A0A2J7ZU46|A0A2J7ZU46_9CHLO	30.3	611	351	17	337	920	11	573	1.60e-39	154
Cre16.g659650.t1.1	tr|A0A150GII8|A0A150GII8_GONPE	31.5	337	144	10	154	469	54	324	9.91e-17	80.5
Cre16.g654900.t1.1	tr|A0A836BR11|A0A836BR11_9CHLO	47.9	303	126	4	521	822	576	847	3.39e-73	255
Cre16.g668150.t1.2	tr|A0A835T2J0|A0A835T2J0_CHLIN	88.8	634	68	2	1	634	1	631	5.48e-224	633
Cre16.g662951.t1.2	tr|A0A835WDN6|A0A835WDN6_CHLIN	44.6	453	208	12	176	592	55	500	2.55e-88	316
Cre16.g692900.t1.2	tr|A0A2K3DS38|A0A2K3DS38_CHLRE	32.6	582	272	23	85	585	19	561	1.65e-29	120
Cre16.g649950.t1.2	tr|A0A699Z2R0|A0A699Z2R0_HAELA	95.2	42	2	0	62	103	78	119	1.08e-23	84.3
Cre16.g685613.t1.1	tr|A0A7R9VB52|A0A7R9VB52_9CHLO	56.8	118	50	1	1399	1515	94	211	3.54e-34	129
Cre16.g676309.t1.1	tr|A0A835SCQ1|A0A835SCQ1_CHLIN	31.7	293	179	3	236	527	37	309	1.34e-35	140
Cre16.g683250.t1.2	tr|A0A699Z9Y1|A0A699Z9Y1_HAELA	57.9	57	24	0	65	121	13	69	1.00e-21	81.3
Cre16.g686846.t1.1	tr|A0A2J8A950|A0A2J8A950_9CHLO	31.0	348	171	9	595	932	1690	1978	1.84e-19	92.4
Cre16.g694200.t1.1	tr|D8UIL6|D8UIL6_VOLCA	26.6	365	169	9	502	831	257	557	9.38e-23	99.8
Cre16.g677205.t1.1	tr|A0A7R9YW17|A0A7R9YW17_9CHLO	37.9	1203	628	33	903	2058	59	1189	1.74e-173	563
Cre16.g677205.t2.1	tr|A0A7R9YW17|A0A7R9YW17_9CHLO	37.6	1197	639	31	903	2057	59	1189	4.07e-172	559
Cre16.g677205.t3.1	tr|A0A7R9YW17|A0A7R9YW17_9CHLO	37.3	1191	613	31	903	2019	59	1189	4.25e-169	550
Cre16.g667451.t1.1	tr|A0A835YD45|A0A835YD45_9CHLO	37.0	262	152	5	1355	1605	522	781	3.63e-30	127
Cre16.g696050.t1.1	tr|A0A835SEW7|A0A835SEW7_CHLIN	27.7	606	361	15	1049	1614	689	1257	1.62e-33	137
Cre16.g662550.t1.2	tr|A0A835Y389|A0A835Y389_9CHLO	57.4	68	28	1	14	80	982	1049	6.10e-17	73.2
Cre16.g692200.t1.1	tr|A0A2K3D7X9|A0A2K3D7X9_CHLRE	31.9	389	236	13	100	466	108	489	9.93e-46	169
Cre16.g671825.t1.1	tr|A0A2J8A950|A0A2J8A950_9CHLO	33.9	289	125	9	1759	2035	1766	2000	1.43e-25	113
Cre16.g680300.t1.2	tr|A8J3V5|A8J3V5_CHLRE	100	351	0	0	1	351	1	351	1.28e-251	680
Cre16.g671050.t1.2	tr|A0A835XPL3|A0A835XPL3_9CHLO	58.0	50	21	0	1186	1235	846	895	4.99e-14	73.2
Cre16.g685450.t1.1	tr|A0A7S0R3Y7|A0A7S0R3Y7_9CHLO	34.2	1711	1036	27	2542	4208	1	1665	2.30e-281	897
Cre16.g692500.t1.1	tr|A0A150FVP1|A0A150FVP1_GONPE	41.0	117	60	2	23	138	692	800	9.00e-16	78.2
Cre16.g681850.t1.2	tr|A0A835XZD2|A0A835XZD2_9CHLO	29.3	184	118	4	33	215	6	178	7.97e-18	82.4
Cre16.g651900.t1.1	tr|D8U434|D8U434_VOLCA	36.0	595	262	12	121	678	94	606	1.82e-71	255
Cre16.g654800.t1.1	tr|A0A836B9T4|A0A836B9T4_9CHLO	69.4	3541	857	41	1	3392	1	3465	0.0	3167
Cre16.g664301.t1.1	tr|A0A2K3DIB3|A0A2K3DIB3_CHLRE	30.3	608	246	14	1280	1740	945	1521	2.87e-50	195
Cre16.g684400.t1.1	tr|A0A2K3DFR1|A0A2K3DFR1_CHLRE	30.1	249	154	6	1	248	1	230	1.01e-24	108
Cre16.g684400.t2.1	tr|A0A7S0RME0|A0A7S0RME0_9CHLO	29.6	321	189	11	2	302	804	1107	3.41e-24	106
Cre16.g691950.t1.1	tr|A0A150FUH5|A0A150FUH5_GONPE	31.4	398	187	9	31	413	76	402	1.05e-38	144
Cre16.g648700.t1.1	tr|A0A835WJU4|A0A835WJU4_9CHLO	25.6	659	376	20	2	587	826	1443	2.13e-32	130
Cre16.g648700.t2.1	tr|A0A835WJU4|A0A835WJU4_9CHLO	25.6	653	374	19	2	577	826	1443	1.13e-33	134
Cre16.g673650.t1.1	tr|A0A7S0X1Z1|A0A7S0X1Z1_9CHLO	42.1	235	119	7	51	282	163	383	2.93e-45	154
Cre16.g681014.t1.1	tr|A0A2J8A950|A0A2J8A950_9CHLO	50.1	345	136	11	1020	1352	554	874	2.16e-78	283
Cre16.g693203.t1.1	tr|A0A835WJU4|A0A835WJU4_9CHLO	28.0	597	329	10	1266	1797	883	1443	1.29e-40	161
Cre16.g691200.t1.1	tr|A0A2K3CSJ5|A0A2K3CSJ5_CHLRE	100	1484	0	0	1	1484	1	1484	0.0	1387
Cre16.g679850.t1.1	tr|A0A835T9S6|A0A835T9S6_CHLIN	46.5	359	116	6	1632	1985	1306	1593	2.13e-79	288
Cre16.g649000.t1.1	tr|A0A835SW25|A0A835SW25_CHLIN	33.9	407	181	7	843	1187	1701	2081	2.10e-52	200
Cre16.g652750.t1.2	tr|D8U0G9|D8U0G9_VOLCA	45.4	871	279	14	20	841	708	1430	2.28e-154	526
Cre16.g681353.t1.1	tr|A8J0Y0|A8J0Y0_CHLRE	75.0	68	1	1	1	68	217	268	9.01e-28	97.1
Cre16.g666627.t1.1	tr|A0A2J7ZU46|A0A2J7ZU46_9CHLO	30.6	612	350	17	1274	1858	10	573	3.97e-38	151
Cre16.g664850.t1.1	tr|A0A2K3DZY1|A0A2K3DZY1_CHLRE	31.0	403	176	8	564	877	1240	1629	2.45e-42	164
Cre16.g677550.t1.1	tr|A0A836C725|A0A836C725_9CHLO	30.5	1113	632	23	109	1170	70	1091	2.43e-118	409
Cre16.g662300.t1.2	tr|A0A250X7S6|A0A250X7S6_9CHLO	86.6	67	9	0	6	72	7	73	2.55e-39	122
Cre16.g692228.t1.1	tr|A0A250X4T6|A0A250X4T6_9CHLO	28.1	196	107	6	1690	1880	862	1028	4.29e-12	67.8
Cre16.g652150.t1.2	tr|A0A7R9VFK8|A0A7R9VFK8_9CHLO	57.7	421	125	6	38	447	11	389	1.48e-153	457
Cre16.g650151.t1.1	tr|A0A7S0X0W8|A0A7S0X0W8_9CHLO	46.8	235	114	3	249	472	202	436	3.59e-59	201
Cre16.g682369.t1.1	tr|A0A150H1Z0|A0A150H1Z0_GONPE	36.0	781	366	16	365	1127	101	765	3.44e-101	337
Cre16.g668125.t1.1	tr|A0A7S0RF59|A0A7S0RF59_9CHLO	35.1	242	144	3	132	373	12	240	3.30e-33	128
Cre16.g656433.t1.1	tr|A8J0Y0|A8J0Y0_CHLRE	75.7	70	1	1	54	123	215	268	1.58e-28	101
Cre16.g666700.t1.2	tr|A0A2J7ZU46|A0A2J7ZU46_9CHLO	40.9	137	68	3	131	267	287	410	7.21e-18	80.5
Cre16.g667701.t1.1	tr|D8UFI3|D8UFI3_VOLCA	84.4	45	6	1	5	49	182	225	8.73e-20	76.3
Cre16.g676400.t1.2	tr|A0A835SZ11|A0A835SZ11_CHLIN	83.4	1432	212	11	1	1425	1	1414	0.0	1670
Cre16.g692585.t1.2	tr|A0A150FUH5|A0A150FUH5_GONPE	35.0	329	147	7	81	392	82	360	5.92e-40	147
Cre16.g652950.t1.2	tr|D8U0G9|D8U0G9_VOLCA	39.1	764	240	11	6	712	1	596	3.55e-83	293
Cre16.g694704.t1.1	tr|A0A835WSD2|A0A835WSD2_9CHLO	45.0	80	44	0	397	476	586	665	2.31e-15	77.0
Cre16.g679520.t1.1	tr|A8J0Y0|A8J0Y0_CHLRE	100	47	0	0	221	267	215	261	4.03e-26	100
Cre16.g665450.t1.1	tr|A0A2K3CTW4|A0A2K3CTW4_CHLRE	100	3210	0	0	1	3210	1	3210	0.0	6112
Cre16.g656700.t1.2	tr|A0A835XQ81|A0A835XQ81_9CHLO	40.9	362	193	4	472	829	411	755	4.65e-72	253
Cre16.g677200.t1.1	tr|A0A2K3DS38|A0A2K3DS38_CHLRE	36.3	640	319	20	66	637	18	636	1.81e-61	215
Cre16.g656000.t1.2	tr|A0A2K3DS38|A0A2K3DS38_CHLRE	41.8	256	104	10	69	294	22	262	3.57e-31	124
Cre16.g659400.t1.1	tr|A0A835S917|A0A835S917_CHLIN	36.3	270	161	5	266	533	37	297	2.43e-49	169
Cre16.g659400.t2.1	tr|A0A835S917|A0A835S917_CHLIN	36.7	270	159	6	266	532	37	297	3.32e-49	169
Cre16.g676800.t1.2	tr|A0A836C725|A0A836C725_9CHLO	36.2	1084	621	22	111	1172	48	1082	3.20e-196	611
Cre16.g649100.t1.2	tr|A0A250X4T6|A0A250X4T6_9CHLO	33.5	260	121	3	268	475	773	1032	2.83e-33	134
Cre16.g663800.t1.2	tr|A0A835TPX6|A0A835TPX6_CHLIN	95.2	353	17	0	45	397	2	354	1.23e-248	675
Cre16.g675861.t1.1	tr|A0A835Y389|A0A835Y389_9CHLO	44.0	91	51	0	4	94	962	1052	2.44e-20	80.9
Cre16.g675861.t2.1	tr|A0A835Y389|A0A835Y389_9CHLO	44.0	91	51	0	4	94	962	1052	2.10e-20	80.9
Cre16.g683500.t1.2	tr|A0A835SZ11|A0A835SZ11_CHLIN	36.6	366	220	3	111	467	697	1059	1.12e-60	213
Cre16.g660300.t1.2	tr|A0A150GII8|A0A150GII8_GONPE	38.0	137	65	2	31	164	19	138	3.59e-13	68.9
Cre16.g653258.t1.2	tr|A0A2J7ZMF7|A0A2J7ZMF7_9CHLO	54.9	184	75	4	35	217	472	648	1.71e-47	164
Cre16.g656950.t1.1	tr|A0A150GRU7|A0A150GRU7_GONPE	57.2	236	95	2	33	266	31	262	4.41e-67	250
Cre16.g656950.t2.1	tr|A0A150GRU7|A0A150GRU7_GONPE	57.2	236	95	2	33	266	31	262	4.28e-67	250
Cre16.g691439.t1.2	tr|A8J0Y0|A8J0Y0_CHLRE	77.1	70	0	1	10	79	215	268	6.03e-30	103
Cre16.g670800.t1.2	tr|A0A835WP18|A0A835WP18_9CHLO	95.5	112	5	0	1	112	1	112	3.14e-66	192
Cre16.g686958.t1.1	tr|A0A2J8A950|A0A2J8A950_9CHLO	31.0	348	172	8	671	1009	1690	1978	2.43e-20	95.1
Cre16.g686958.t2.1	tr|A0A2J8A950|A0A2J8A950_9CHLO	31.3	345	172	8	671	1006	1690	1978	1.08e-20	96.3
Cre16.g675150.t1.1	tr|A0A835SW25|A0A835SW25_CHLIN	36.6	413	180	8	1952	2284	1681	2091	2.74e-65	245
Cre16.g687800.t1.1	tr|A0A835SW25|A0A835SW25_CHLIN	36.2	318	143	5	991	1263	1709	2011	1.84e-42	167
Cre16.g658150.t1.2	tr|A0A835T7K8|A0A835T7K8_CHLIN	30.1	1038	518	31	218	1178	46	952	1.61e-49	187
Cre16.g676869.t1.1	tr|A0A150GBB4|A0A150GBB4_GONPE	34.0	188	96	6	1155	1318	288	471	1.72e-14	73.9
Cre16.g672497.t1.1	tr|A0A835XQ81|A0A835XQ81_9CHLO	36.6	344	189	11	21	358	426	746	1.44e-47	181
Cre16.g664000.t1.2	tr|A0A835WSD2|A0A835WSD2_9CHLO	31.0	352	187	5	186	482	550	900	1.87e-34	134
Cre16.g685053.t1.1	tr|A0A835YAT8|A0A835YAT8_9CHLO	43.4	346	139	5	1607	1936	1591	1895	9.32e-59	221
Cre16.g688901.t1.2	tr|A0A835Y443|A0A835Y443_9CHLO	37.9	227	111	5	620	822	676	896	8.72e-34	138
Cre16.g666300.t1.1	tr|A0A835XJ08|A0A835XJ08_9CHLO	46.7	323	128	4	1233	1528	2674	2979	5.97e-75	273
Cre16.g671250.t1.2	tr|A0A2K3DSM2|A0A2K3DSM2_CHLRE	29.7	182	98	6	55	210	43	220	1.64e-13	70.9
Cre16.g654850.t1.1	tr|A0A836BR11|A0A836BR11_9CHLO	50.2	307	113	6	598	901	575	844	1.82e-75	263
Cre16.g681802.t1.1	tr|A0A835YGD6|A0A835YGD6_9CHLO	34.3	1036	515	28	82	1071	127	1042	8.62e-136	434
Cre16.g648550.t1.2	tr|A0A699Z2R0|A0A699Z2R0_HAELA	90.5	42	4	0	62	103	78	119	3.51e-22	80.5
Cre16.g677765.t1.1	tr|A0A7R9YW17|A0A7R9YW17_9CHLO	36.4	1200	614	32	804	1923	59	1189	2.56e-162	530
Cre16.g664400.t1.2	tr|A0A150H403|A0A150H403_GONPE	59.3	108	12	1	7	114	5	80	1.86e-37	119
Cre16.g685725.t1.1	tr|A0A2J8A950|A0A2J8A950_9CHLO	35.9	446	168	18	751	1171	554	906	2.62e-46	179
Cre16.g685725.t2.1	tr|A0A2J8A950|A0A2J8A950_9CHLO	35.9	446	168	18	750	1170	554	906	2.62e-46	179
Cre16.g658600.t1.1	tr|D8U7A8|D8U7A8_VOLCA	47.7	220	113	2	1	218	1	220	3.20e-56	178
Cre16.g677001.t1.1	tr|A0A835WUW0|A0A835WUW0_9CHLO	71.2	629	119	9	292	907	354	933	6.18e-256	736
Cre16.g695218.t1.2	tr|A0A836BR11|A0A836BR11_9CHLO	55.6	297	123	4	720	1009	575	869	1.02e-91	311
Cre16.g681914.t1.1	tr|A0A2J8A950|A0A2J8A950_9CHLO	47.9	357	135	10	1157	1500	1685	2003	4.62e-72	265
Cre16.g674700.t1.2	tr|A0A7S3R1I9|A0A7S3R1I9_DUNTE	42.3	305	160	8	10	308	17	311	5.63e-56	183
Cre16.g678551.t1.1	tr|A0A835T9S6|A0A835T9S6_CHLIN	40.7	405	129	6	2435	2838	1299	1593	2.21e-73	270
Cre16.g674179.t1.1	tr|A0A835SCQ1|A0A835SCQ1_CHLIN	31.3	284	176	6	155	437	43	308	6.89e-27	110
Cre16.g658250.t1.1	tr|A0A2K3CTC2|A0A2K3CTC2_CHLRE	100	395	0	0	87	481	54	448	6.88e-263	718
Cre16.g658250.t2.1	tr|A0A2K3CTC2|A0A2K3CTC2_CHLRE	100	448	0	0	1	448	1	448	1.00e-304	823
Cre16.g686734.t1.1	tr|A0A835SCQ1|A0A835SCQ1_CHLIN	30.7	303	171	7	451	751	43	308	7.53e-28	116
Cre16.g659200.t1.1	tr|A0A835TCJ4|A0A835TCJ4_CHLIN	25.4	476	276	10	40	496	292	707	1.39e-33	134
Cre16.g694550.t1.1	tr|A0A835XL87|A0A835XL87_9CHLO	49.0	251	117	4	657	903	746	989	3.61e-61	221
Cre16.g682550.t1.1	tr|A0A835SYI3|A0A835SYI3_CHLIN	66.1	7078	1503	94	192	7213	2	6234	0.0	7398
Cre16.g682550.t2.1	tr|A0A835SYI3|A0A835SYI3_CHLIN	65.6	6904	1479	94	1	6848	176	6234	0.0	7094
Cre16.g682550.t3.1	tr|A0A835SYI3|A0A835SYI3_CHLIN	65.5	5975	1264	84	1	5925	1017	6234	0.0	5953
Cre16.g673281.t1.1	tr|A0A7R9VLS8|A0A7R9VLS8_9CHLO	69.6	280	82	2	18	295	44	322	4.61e-141	397
Cre16.g674065.t1.1	tr|A0A835SCQ1|A0A835SCQ1_CHLIN	30.4	283	179	4	107	388	43	308	3.35e-29	117
Cre16.g665600.t1.2	tr|A0A2K3DFR1|A0A2K3DFR1_CHLRE	31.6	206	128	9	38	236	3	202	4.13e-17	79.0
Cre16.g676550.t1.2	tr|A0A150H0J8|A0A150H0J8_GONPE	44.1	313	141	8	1	309	20	302	3.64e-67	209
Cre16.g657950.t1.1	tr|A0A2K3CTB1|A0A2K3CTB1_CHLRE	100	445	0	0	1	445	1	445	0.0	897
Cre16.g661100.t1.2	tr|A0A7S0RME0|A0A7S0RME0_9CHLO	29.3	314	179	11	3	283	804	1107	9.33e-27	112
Cre16.g665364.t1.1	tr|A0A250X6G6|A0A250X6G6_9CHLO	29.6	257	161	6	186	438	9	249	1.87e-24	102
Cre16.g648650.t1.1	tr|A0A150FUH5|A0A150FUH5_GONPE	30.9	401	179	12	78	456	78	402	1.81e-36	138
Cre16.g672602.t1.1	tr|A0A835SCQ1|A0A835SCQ1_CHLIN	33.6	277	172	4	312	587	43	308	1.29e-33	134
Cre16.g669800.t1.2	tr|A0A2K3DFR1|A0A2K3DFR1_CHLRE	33.5	245	157	4	95	336	4	245	6.07e-35	134
Cre16.g683650.t1.2	tr|A0A150H3A5|A0A150H3A5_GONPE	30.3	218	135	5	223	437	428	631	1.31e-19	89.7
Cre16.g667350.t1.1	tr|A0A835YD45|A0A835YD45_9CHLO	30.3	611	384	16	1698	2278	3513	4111	1.38e-64	242
Cre16.g694206.t1.1	tr|A0A150FUH5|A0A150FUH5_GONPE	39.3	247	115	5	247	481	132	355	6.23e-42	154
Cre16.g654950.t1.1	tr|A0A836BUT8|A0A836BUT8_9CHLO	31.7	4051	1948	83	698	4455	439	3956	3.17e-259	881
Cre16.g669950.t1.2	tr|D8UFI3|D8UFI3_VOLCA	77.4	199	45	0	24	222	27	225	2.72e-109	310
Cre16.g687900.t1.2	tr|A0A7S0X1Z1|A0A7S0X1Z1_9CHLO	40.2	209	94	7	42	231	181	377	1.61e-33	121
Cre16.g670300.t1.2	tr|A0A2K3CUA0|A0A2K3CUA0_CHLRE	100	801	0	0	1	801	1	801	0.0	1300
Cre16.g670300.t2.1	tr|A0A2K3CUA0|A0A2K3CUA0_CHLRE	86.9	801	48	1	1	744	1	801	0.0	1036
Cre42.g760447.t1.1	tr|A0A835YDE0|A0A835YDE0_9CHLO	33.2	473	176	12	31	502	1044	1377	2.27e-62	224
Cre50.g761397.t1.1	tr|A0A7S0RZE1|A0A7S0RZE1_9CHLO	70.2	121	35	1	10	129	8	128	9.89e-62	184
Cre26.g756897.t1.1	tr|A0A835XN31|A0A835XN31_9CHLO	77.0	148	34	0	1	148	1	148	1.36e-65	241
Cre19.g750197.t1.1	tr|A0A835XQ81|A0A835XQ81_9CHLO	36.4	283	158	4	177	456	483	746	8.46e-40	156
Cre19.g751147.t3.1	tr|A0A250X4T6|A0A250X4T6_9CHLO	38.2	173	99	3	69	234	861	1032	7.11e-29	113
Cre19.g751147.t5.1	tr|A0A250X4T6|A0A250X4T6_9CHLO	37.2	145	83	3	33	170	889	1032	9.39e-19	81.6
Cre19.g751147.t6.1	tr|A0A250X4T6|A0A250X4T6_9CHLO	34.8	132	78	3	6	130	902	1032	5.00e-14	66.6
Cre19.g750747.t1.1	tr|A0A835YBL2|A0A835YBL2_9CHLO	44.4	329	148	10	570	876	473	788	2.17e-45	174
Cre19.g750497.t1.1	tr|A0A835YBL2|A0A835YBL2_9CHLO	33.7	677	378	19	212	860	155	788	3.65e-57	212
Cre19.g750647.t1.1	tr|A0A835YDE0|A0A835YDE0_9CHLO	27.4	391	238	10	232	615	1017	1368	2.91e-31	127
Cre19.g750647.t2.1	tr|A0A835YDE0|A0A835YDE0_9CHLO	28.1	384	236	10	232	607	1017	1368	2.90e-33	133
Cre19.g751097.t1.1	tr|A0A250X4T6|A0A250X4T6_9CHLO	34.8	132	78	3	6	130	902	1032	5.00e-14	66.6
Cre19.g750597.t1.1	tr|A0A150GBS0|A0A150GBS0_GONPE	32.6	533	234	10	20	469	251	741	1.55e-74	254
Cre34.g759097.t1.1	tr|A0A2J7ZU46|A0A2J7ZU46_9CHLO	29.2	421	237	15	77	473	5	388	1.72e-15	75.5
Cre06.g278220.t1.1	tr|A0A7S0RCE8|A0A7S0RCE8_9CHLO	41.8	656	309	17	43	670	34	644	1.68e-157	466
Cre06.g305350.t1.1	tr|A0A835Y0L8|A0A835Y0L8_9CHLO	30.1	246	150	5	1004	1238	2176	2410	6.45e-24	106
Cre06.g309800.t1.1	tr|A0A835SJU9|A0A835SJU9_CHLIN	39.4	3255	1760	47	1833	5020	460	3568	1.37e-316	1060
Cre06.g293950.t1.2	tr|J7MB60|J7MB60_9CHLO	58.1	463	171	2	23	480	39	483	2.78e-194	546
Cre06.g291550.t1.2	tr|A0A7R9YYB3|A0A7R9YYB3_9CHLO	44.4	144	78	2	12	155	17	158	4.46e-25	97.8
Cre06.g273500.t1.2	tr|A0A7S0RJ21|A0A7S0RJ21_9CHLO	69.5	118	36	0	113	230	1	118	6.38e-50	162
Cre06.g273500.t2.1	tr|A0A7S0RJ21|A0A7S0RJ21_9CHLO	69.5	118	36	0	104	221	1	118	5.30e-50	162
Cre06.g274550.t1.1	tr|A0A150G2W1|A0A150G2W1_GONPE	36.4	247	126	11	787	1019	1100	1329	3.32e-29	122
Cre06.g268950.t1.2	tr|A0A2K3DZY1|A0A2K3DZY1_CHLRE	32.3	217	135	5	110	319	1400	1611	1.04e-21	99.0
Cre06.g258200.t1.1	tr|A0A7S0X0W8|A0A7S0X0W8_9CHLO	37.7	247	126	8	329	562	200	431	2.78e-29	121
Cre06.g263700.t1.1	tr|A0A835W413|A0A835W413_CHLIN	90.5	84	8	0	142	225	1	84	4.64e-48	149
Cre06.g276650.t1.2	tr|A0A699Z2R0|A0A699Z2R0_HAELA	95.2	42	2	0	62	103	78	119	1.08e-23	84.3
Cre06.g288700.t1.2	tr|A0A150GA74|A0A150GA74_GONPE	87.5	1097	129	5	2	1091	3	1098	0.0	1916
Cre06.g296200.t1.2	tr|A0A150GBS0|A0A150GBS0_GONPE	30.8	263	153	4	53	311	265	502	7.77e-33	127
Cre06.g278093.t1.1	tr|A0A835WWV1|A0A835WWV1_9CHLO	44.1	752	355	21	94	813	695	1413	7.72e-190	578
Cre06.g264600.t1.2	tr|A0A699Z2R0|A0A699Z2R0_HAELA	95.2	42	2	0	62	103	78	119	1.08e-23	84.3
Cre06.g265850.t1.1	tr|A0A7S3QLH0|A0A7S3QLH0_DUNTE	33.7	412	199	12	375	756	116	483	1.74e-44	165
Cre06.g268400.t1.2	tr|A0A699Z2R0|A0A699Z2R0_HAELA	95.2	42	2	0	62	103	78	119	1.08e-23	84.3
Cre06.g278265.t1.1	tr|A0A835SCQ1|A0A835SCQ1_CHLIN	33.2	310	161	7	831	1138	43	308	1.58e-29	123
Cre06.g271300.t1.2	tr|A0A699Z2R0|A0A699Z2R0_HAELA	95.2	42	2	0	62	103	78	119	1.08e-23	84.3
Cre06.g311950.t1.1	tr|A0A835WWV1|A0A835WWV1_9CHLO	39.6	770	374	23	81	813	695	1410	8.18e-172	530
Cre06.g304250.t1.1	tr|A0A1W6R6K8|A0A1W6R6K8_9CHLO	70.5	95	28	0	933	1027	499	593	6.42e-37	149
Cre06.g278116.t1.1	tr|A0A250X095|A0A250X095_9CHLO	54.3	429	165	7	48	476	55	452	6.90e-138	401
Cre06.g310800.t1.1	tr|A0A835VUS6|A0A835VUS6_CHLIN	50.2	1820	557	48	576	2221	311	1954	4.18e-157	532
Cre06.g271900.t1.2	tr|A0A835WDG1|A0A835WDG1_9CHLO	80.9	230	27	7	1	221	1	222	1.75e-111	315
Cre06.g271900.t2.1	tr|A0A835WDG1|A0A835WDG1_9CHLO	80.9	230	27	7	1	221	1	222	1.75e-111	315
Cre06.g250000.t1.2	tr|A0A835SK14|A0A835SK14_9CHLO	58.1	279	99	8	17	287	21	289	4.48e-83	248
Cre06.g274450.t1.1	tr|A0A835WDA6|A0A835WDA6_9CHLO	70.0	484	112	5	92	569	1	457	8.21e-200	563
Cre06.g262601.t1.1	tr|A0A150FUH5|A0A150FUH5_GONPE	56.9	65	27	1	199	263	129	192	6.13e-13	67.8
Cre06.g278290.t1.1	tr|A0A2J7ZU46|A0A2J7ZU46_9CHLO	34.3	233	133	5	80	308	357	573	1.51e-29	115
Cre06.g278285.t1.1	tr|A0A2J7ZU46|A0A2J7ZU46_9CHLO	30.8	611	348	18	291	874	11	573	1.19e-41	161
Cre06.g301100.t1.1	tr|A0A7S3VTY4|A0A7S3VTY4_DUNTE	33.6	453	235	10	112	501	184	633	1.63e-46	172
Cre06.g266850.t1.1	tr|A0A2J7ZUE2|A0A2J7ZUE2_9CHLO	80.8	52	10	0	770	821	760	811	3.71e-23	103
Cre06.g262500.t1.2	tr|A0A835T7K8|A0A835T7K8_CHLIN	26.1	376	203	12	529	869	339	674	2.95e-12	67.4
Cre06.g264150.t1.1	tr|A0A835TIV9|A0A835TIV9_CHLIN	65.3	2488	628	55	314	2729	232	2556	0.0	1883
Cre06.g269200.t1.1	tr|A0A2K3DYX1|A0A2K3DYX1_CHLRE	38.6	249	145	4	1306	1547	1576	1823	8.53e-39	157
Cre06.g269200.t2.1	tr|A0A2K3DYX1|A0A2K3DYX1_CHLRE	38.6	249	145	4	723	964	1576	1823	6.43e-39	157
Cre06.g307650.t1.1	tr|A0A835VUU4|A0A835VUU4_CHLIN	73.9	727	88	4	50	771	1	630	0.0	978
Cre06.g307650.t2.1	tr|A0A835VUU4|A0A835VUU4_CHLIN	73.9	727	88	4	1	722	1	630	0.0	978
Cre06.g268000.t1.2	tr|A0A699Z2R0|A0A699Z2R0_HAELA	95.2	42	2	0	62	103	78	119	1.08e-23	84.3
Cre06.g302400.t1.1	tr|A8J0Y0|A8J0Y0_CHLRE	77.1	70	0	1	693	762	215	268	8.80e-26	103
Cre06.g278302.t1.1	tr|A0A2J7ZU46|A0A2J7ZU46_9CHLO	31.0	616	351	16	897	1485	5	573	6.49e-42	162
Cre06.g287450.t1.1	tr|A0A7S0RME0|A0A7S0RME0_9CHLO	28.8	316	187	9	16	307	805	1106	3.52e-24	106
Cre06.g287700.t1.1	tr|A0A150GBB4|A0A150GBB4_GONPE	30.0	267	127	10	709	963	251	469	6.42e-15	75.5
Cre06.g281050.t1.2	tr|D8TU89|D8TU89_VOLCA	24.4	418	259	11	45	406	331	747	4.65e-20	89.0
Cre06.g278286.t1.1	tr|A0A2J7ZU46|A0A2J7ZU46_9CHLO	29.2	599	353	17	1202	1765	11	573	2.29e-39	155
Cre06.g259200.t1.1	tr|A0A345K516|A0A345K516_9CHLO	28.4	345	172	10	16	316	12	325	2.19e-27	111
Cre06.g295450.t1.2	tr|A0A150H2W0|A0A150H2W0_GONPE	29.7	296	167	6	108	383	88	362	1.33e-26	106
Cre06.g283750.t1.2	tr|A0A6A0ADH7|A0A6A0ADH7_HAELA	64.2	120	43	0	249	368	1	120	1.06e-42	141
Cre06.g300150.t1.1	tr|A0A2K3DJF0|A0A2K3DJF0_CHLRE	45.8	262	136	5	103	362	85	342	3.17e-60	196
Cre06.g278229.t1.1	tr|A0A150FVP1|A0A150FVP1_GONPE	45.8	83	45	0	5	87	717	799	1.94e-16	82.4
Cre06.g301000.t1.2	tr|A0A835XJ08|A0A835XJ08_9CHLO	41.7	199	85	3	748	919	2787	2981	2.22e-37	149
Cre06.g277801.t1.1	tr|A0A2K3DA15|A0A2K3DA15_CHLRE	32.5	459	247	12	273	727	201	600	2.80e-50	194
Cre06.g255450.t1.1	tr|N0DUZ8|N0DUZ8_9CHLO	50.6	1204	506	20	30	1207	33	1173	0.0	979
Cre06.g309650.t1.1	tr|A0A835SJU9|A0A835SJU9_CHLIN	73.7	3365	818	31	86	3423	341	3664	0.0	3414
Cre06.g309650.t2.1	tr|A0A835SJU9|A0A835SJU9_CHLIN	73.4	3364	824	31	86	3419	341	3664	0.0	3413
Cre06.g257600.t1.1	tr|A0A835XH72|A0A835XH72_9CHLO	48.4	1701	579	28	1	1601	6	1507	1.10e-249	775
Cre06.g257600.t2.1	tr|A0A835XH72|A0A835XH72_9CHLO	48.5	1700	578	27	1	1600	6	1507	1.00e-251	780
Cre06.g263850.t1.1	tr|A0A835TPX6|A0A835TPX6_CHLIN	37.5	333	191	6	71	401	30	347	4.90e-57	187
Cre06.g265550.t1.2	tr|A0A2K3DFR1|A0A2K3DFR1_CHLRE	27.5	287	175	9	65	348	3	259	1.77e-21	95.9
Cre06.g284200.t1.2	tr|A0A7S0X1Z1|A0A7S0X1Z1_9CHLO	45.7	221	105	5	36	245	163	379	2.28e-48	160
Cre06.g253300.t1.2	tr|Q6PLP9|Q6PLP9_CHLRE	98.8	331	4	0	1	331	1	331	1.92e-236	640
Cre06.g269950.t1.2	tr|A0A7S0X0W8|A0A7S0X0W8_9CHLO	38.8	240	128	7	483	708	202	436	1.32e-40	154
Cre06.g263100.t1.1	tr|A0A7S3VKA6|A0A7S3VKA6_DUNTE	51.2	207	94	4	1	207	1	200	1.67e-64	212
Cre06.g258350.t1.1	tr|A0A835WTM9|A0A835WTM9_9CHLO	44.3	235	84	6	132	333	1	221	2.50e-35	142
Cre06.g306950.t1.1	tr|A0A836C5B9|A0A836C5B9_9CHLO	29.3	167	102	4	878	1033	687	848	6.59e-11	63.5
Cre06.g254850.t1.1	tr|A0A150H3A5|A0A150H3A5_GONPE	40.4	1151	351	28	59	1162	648	1510	1.03e-145	479
Cre06.g278283.t1.1	tr|A0A2J7ZU46|A0A2J7ZU46_9CHLO	34.3	233	133	5	80	308	357	573	6.22e-28	115
Cre06.g259850.t1.2	tr|A0A835TIQ6|A0A835TIQ6_CHLIN	97.8	134	3	0	1	134	1	134	1.74e-87	247
Cre06.g256550.t1.1	tr|A0A835VQW0|A0A835VQW0_9CHLO	31.8	179	90	3	104	277	44	195	4.00e-11	62.8
Cre06.g303171.t1.2	tr|A0A835SNQ1|A0A835SNQ1_CHLIN	63.7	1593	519	25	31	1589	70	1637	0.0	1386
Cre06.g268850.t1.1	tr|A0A835YDE0|A0A835YDE0_9CHLO	28.2	213	101	5	269	474	1205	1372	1.45e-11	63.9
Cre06.g268850.t2.1	tr|A0A835YDE0|A0A835YDE0_9CHLO	28.2	213	101	5	248	453	1205	1372	1.36e-11	63.9
Cre06.g278170.t1.1	tr|A0A835WD10|A0A835WD10_9CHLO	64.2	1286	425	13	25	1298	1	1262	0.0	1419
Cre06.g251650.t1.1	tr|A0A7S0WPN7|A0A7S0WPN7_9CHLO	58.7	837	303	12	1	804	1	827	3.19e-314	877
Cre06.g274150.t1.2	tr|A0A699Z2R0|A0A699Z2R0_HAELA	95.2	42	2	0	62	103	78	119	1.08e-23	84.3
Cre06.g278152.t1.1	tr|D8UIL6|D8UIL6_VOLCA	31.5	505	269	18	257	717	94	565	1.82e-45	170
Cre06.g300650.t1.2	tr|A0A699Z0T2|A0A699Z0T2_HAELA	27.0	382	194	11	5	323	6	365	1.54e-12	67.4
Cre06.g276800.t1.2	tr|A0A699Z2R0|A0A699Z2R0_HAELA	95.2	42	2	0	62	103	78	119	1.08e-23	84.3
Cre06.g296650.t1.2	tr|A8J0Y0|A8J0Y0_CHLRE	75.7	70	1	1	28	97	215	268	9.52e-29	100
Cre06.g288350.t1.1	tr|A0A835SN59|A0A835SN59_CHLIN	84.0	643	87	4	1	640	1	630	1.68e-211	602
Cre06.g265652.t1.1	tr|A0A2K3CYW3|A0A2K3CYW3_CHLRE	32.7	621	286	13	2355	2875	3768	4356	4.88e-57	218
Cre06.g263450.t1.2	tr|A0A345K516|A0A345K516_9CHLO	30.6	392	203	12	5	383	10	345	6.18e-39	142
Cre06.g263450.t2.1	tr|A0A345K516|A0A345K516_9CHLO	30.9	337	178	11	1	324	51	345	3.23e-34	128
Cre06.g283050.t1.2	tr|A0A7S0X1Z1|A0A7S0X1Z1_9CHLO	38.9	185	87	5	55	213	188	372	1.96e-25	99.0
Cre06.g283450.t1.2	tr|A0A2K3DS38|A0A2K3DS38_CHLRE	43.3	194	91	4	4	185	13	199	1.43e-29	120
Cre06.g266383.t1.1	tr|A0A2K3DN17|A0A2K3DN17_CHLRE	100	1191	0	0	1	1191	1	1191	0.0	1231
Cre06.g277250.t1.2	tr|A0A150FUH5|A0A150FUH5_GONPE	36.8	258	121	5	148	393	129	356	4.53e-38	142
Cre06.g278213.t1.1	tr|A0A7S0X1Z1|A0A7S0X1Z1_9CHLO	33.9	221	105	8	33	222	172	382	7.17e-24	95.5
Cre06.g278201.t1.1	tr|A0A835T231|A0A835T231_9CHLO	82.9	217	37	0	55	271	94	310	1.28e-132	377
Cre06.g273950.t1.2	tr|A0A699Z2R0|A0A699Z2R0_HAELA	95.2	42	2	0	62	103	78	119	1.08e-23	84.3
Cre06.g288908.t1.2	tr|A0A835SCQ1|A0A835SCQ1_CHLIN	34.3	277	174	4	679	954	42	311	2.58e-36	144
Cre06.g250800.t1.1	tr|D8UIF1|D8UIF1_VOLCA	44.0	75	42	0	167	241	6	80	2.22e-14	69.7
Cre06.g250800.t2.1	tr|D8UIF1|D8UIF1_VOLCA	46.3	67	36	0	165	231	14	80	2.09e-14	69.7
Cre06.g304150.t1.1	tr|A0A835WDN6|A0A835WDN6_CHLIN	38.4	479	201	14	106	549	34	453	3.34e-68	246
Cre06.g297082.t1.1	tr|A0A2K3DYX1|A0A2K3DYX1_CHLRE	40.3	236	127	6	2570	2801	1595	1820	1.51e-38	156
Cre06.g297082.t2.1	tr|A0A2K3DYX1|A0A2K3DYX1_CHLRE	40.3	236	127	6	585	816	1595	1820	5.79e-39	156
Cre06.g260550.t1.1	tr|A0A835T9S6|A0A835T9S6_CHLIN	55.4	285	115	4	2370	2653	1322	1595	2.42e-81	295
Cre06.g281200.t1.1	tr|A0A150G4R9|A0A150G4R9_GONPE	45.8	1797	491	23	259	2031	17	1354	5.43e-233	727
Cre06.g278165.t1.1	tr|D8UIL6|D8UIL6_VOLCA	36.5	561	276	22	147	665	35	557	6.42e-82	269
Cre06.g309684.t1.1	tr|A0A835SJU9|A0A835SJU9_CHLIN	84.4	282	41	2	86	365	28	308	1.93e-138	431
Cre06.g274400.t1.2	tr|A0A835YP44|A0A835YP44_9CHLO	85.3	251	37	0	6	256	7	257	1.17e-163	451
Cre06.g309951.t1.1	tr|A0A835WTL1|A0A835WTL1_9CHLO	26.1	997	581	24	5426	6330	4054	4986	1.06e-62	238
Cre06.g249150.t1.1	tr|A0A7R9VMI2|A0A7R9VMI2_9CHLO	47.6	191	93	3	117	300	2	192	7.37e-55	178
Cre06.g260750.t1.1	tr|A0A150GRG7|A0A150GRG7_GONPE	64.2	201	69	2	2054	2253	169	367	2.30e-80	269
Cre06.g265200.t1.2	tr|A0A699Z2R0|A0A699Z2R0_HAELA	95.2	42	2	0	62	103	78	119	1.08e-23	84.3
Cre06.g278119.t1.1	tr|A0A150G3T9|A0A150G3T9_GONPE	37.0	486	223	10	17	454	79	529	1.47e-64	223
Cre06.g296050.t1.1	tr|D8U0G9|D8U0G9_VOLCA	42.8	383	175	5	125	503	1082	1424	2.82e-79	284
Cre06.g266600.t1.2	tr|A0A699Z2R0|A0A699Z2R0_HAELA	95.2	42	2	0	62	103	78	119	1.08e-23	84.3
Cre06.g274900.t1.2	tr|A0A699Z2R0|A0A699Z2R0_HAELA	95.2	42	2	0	62	103	78	119	1.08e-23	84.3
Cre06.g305700.t1.1	tr|D8UC66|D8UC66_VOLCA	29.8	235	118	11	50	254	64	281	7.43e-13	67.8
Cre06.g287950.t1.1	tr|A0A835WI51|A0A835WI51_9CHLO	59.6	3192	931	61	4	2953	5	3079	0.0	2068
Cre06.g257750.t1.1	tr|A0A835WTM9|A0A835WTM9_9CHLO	31.7	736	303	25	82	721	1	632	7.24e-49	184
Cre06.g272200.t1.2	tr|A8HVT5|A8HVT5_CHLRE	100	209	0	0	1	209	1	209	1.38e-134	372
Cre06.g250300.t1.2	tr|A0A7S0R3Y7|A0A7S0R3Y7_9CHLO	26.6	1642	1057	43	2705	4255	4	1587	3.02e-135	465
Cre06.g301450.t1.1	tr|D8UC66|D8UC66_VOLCA	72.3	267	63	2	81	336	15	281	2.43e-121	365
Cre06.g263800.t1.1	tr|A0A835Y6X2|A0A835Y6X2_9CHLO	44.1	304	145	9	498	779	2567	2867	6.80e-58	214
Cre06.g276150.t1.2	tr|A0A835VQW0|A0A835VQW0_9CHLO	37.6	234	92	6	6	199	31	250	6.44e-27	114
Cre06.g276150.t2.1	tr|A0A835VQW0|A0A835VQW0_9CHLO	37.6	234	92	6	6	199	31	250	6.42e-27	114
Cre06.g285250.t1.2	tr|A0A7S0X1Z1|A0A7S0X1Z1_9CHLO	44.6	233	110	4	25	244	153	379	1.04e-49	164
Cre06.g296150.t1.2	tr|A0A7R9VB52|A0A7R9VB52_9CHLO	46.2	199	79	4	495	672	11	202	9.76e-41	147
Cre06.g250400.t1.2	tr|A8J0Y0|A8J0Y0_CHLRE	75.7	70	1	1	224	293	215	268	1.60e-26	101
Cre06.g266950.t1.1	tr|A0A2J7ZUE2|A0A2J7ZUE2_9CHLO	68.1	72	18	1	911	982	760	826	1.63e-22	101
Cre06.g278125.t1.1	tr|A0A835XQ81|A0A835XQ81_9CHLO	38.1	407	230	6	840	1236	411	805	1.22e-66	241
Cre06.g284450.t1.2	tr|A0A7S0WVG7|A0A7S0WVG7_9CHLO	34.5	168	93	2	138	303	253	405	1.15e-24	99.8
Cre06.g246958.t1.1	tr|A0A2J7ZU46|A0A2J7ZU46_9CHLO	64.9	239	84	0	1	239	336	574	1.64e-97	298
Cre06.g305950.t1.2	tr|A8J0Y0|A8J0Y0_CHLRE	75.7	70	1	1	218	287	215	268	1.41e-26	101
Cre06.g298550.t1.1	tr|D8U0G9|D8U0G9_VOLCA	42.7	379	174	4	141	515	1087	1426	1.81e-76	278
Cre06.g298550.t2.1	tr|D8U0G9|D8U0G9_VOLCA	42.7	379	174	4	135	509	1087	1426	1.77e-76	278
Cre06.g292800.t1.1	tr|A0A7S3VLF3|A0A7S3VLF3_DUNTE	32.6	144	97	0	11	154	8	151	7.27e-23	87.0
Cre06.g296450.t1.1	tr|A0A2K3DJF0|A0A2K3DJF0_CHLRE	44.1	338	171	10	97	430	66	389	2.00e-68	219
Cre06.g296450.t2.1	tr|A0A2K3DJF0|A0A2K3DJF0_CHLRE	46.3	287	142	7	135	419	113	389	2.07e-68	219
Cre06.g296450.t3.1	tr|A0A2K3DJF0|A0A2K3DJF0_CHLRE	46.3	287	142	7	135	419	113	389	2.07e-68	219
Cre06.g292900.t1.1	tr|A0A2J7ZVY0|A0A2J7ZVY0_9CHLO	34.4	154	86	3	517	655	45	198	6.19e-20	85.1
Cre06.g291150.t1.1	tr|A0A250X4U9|A0A250X4U9_9CHLO	35.6	464	217	10	257	716	286	671	7.15e-64	228
Cre06.g287400.t1.1	tr|A0A7S0RME0|A0A7S0RME0_9CHLO	29.2	319	188	9	28	322	802	1106	5.40e-25	109
Cre06.g278231.t1.1	tr|A0A835SCQ1|A0A835SCQ1_CHLIN	31.0	287	192	3	106	390	26	308	1.57e-35	135
Cre06.g278276.t1.1	tr|A0A7S0RF59|A0A7S0RF59_9CHLO	31.9	210	124	6	678	875	114	316	3.42e-18	84.0
Cre06.g290200.t1.2	tr|A0A835T9S6|A0A835T9S6_CHLIN	48.0	294	145	4	1254	1545	1306	1593	2.99e-73	268
Cre06.g292700.t1.2	tr|A0A150H3A5|A0A150H3A5_GONPE	35.9	117	62	4	95	205	518	627	4.37e-11	60.8
Cre06.g278289.t2.1	tr|A0A2J7ZU46|A0A2J7ZU46_9CHLO	30.4	611	350	17	769	1352	11	573	6.97e-39	154
Cre06.g278289.t1.1	tr|A0A2J7ZU46|A0A2J7ZU46_9CHLO	30.4	611	350	17	769	1352	11	573	6.97e-39	154
Cre06.g278289.t3.1	tr|A0A2J7ZU46|A0A2J7ZU46_9CHLO	30.4	611	350	17	769	1352	11	573	3.28e-39	154
Cre06.g306850.t1.2	tr|A0A150GY56|A0A150GY56_GONPE	68.0	334	60	1	171	504	669	955	1.48e-145	438
Cre06.g271850.t1.2	tr|A0A250XJ57|A0A250XJ57_9CHLO	23.9	640	288	17	132	676	415	950	2.24e-24	105
Cre06.g280475.t1.2	tr|A0A835XY76|A0A835XY76_9CHLO	63.6	984	325	11	9	987	8	963	0.0	1169
Cre06.g270850.t1.2	tr|A0A835WI51|A0A835WI51_9CHLO	37.8	148	89	1	1213	1357	2647	2794	2.63e-22	101
Cre06.g253200.t1.1	tr|A0A835YDE0|A0A835YDE0_9CHLO	31.8	403	233	9	2383	2751	1031	1425	1.75e-43	171
Cre06.g262550.t1.2	tr|A0A835T7K8|A0A835T7K8_CHLIN	32.7	199	92	5	465	656	339	502	7.15e-11	62.8
Cre06.g259150.t1.2	tr|A0A345K516|A0A345K516_9CHLO	60.8	411	140	3	55	444	8	418	6.01e-174	490
Cre06.g278161.t1.1	tr|D8UIL6|D8UIL6_VOLCA	31.3	505	270	18	238	698	94	565	2.09e-44	165
Cre06.g258363.t1.2	tr|D9CJ73|D9CJ73_VOLCA	39.9	361	134	5	1195	1555	633	910	1.40e-47	185
Cre06.g259500.t1.1	tr|A0A150GRG7|A0A150GRG7_GONPE	63.9	205	69	2	3091	3290	163	367	2.61e-80	270
Cre06.g308000.t1.2	tr|A0A835T975|A0A835T975_9CHLO	82.0	2044	283	22	1	1989	1	2015	0.0	2659
Cre06.g258051.t1.1	tr|A0A835YBL2|A0A835YBL2_9CHLO	36.5	502	246	15	63	538	334	788	5.42e-50	182
Cre06.g310100.t1.2	tr|A0A150G2W1|A0A150G2W1_GONPE	36.3	303	169	8	600	890	1039	1329	2.42e-39	155
Cre06.g283950.t1.2	tr|A0A7S0X1Z1|A0A7S0X1Z1_9CHLO	46.2	223	101	5	36	245	163	379	2.76e-50	166
Cre06.g267250.t1.1	tr|A0A150G279|A0A150G279_GONPE	35.0	214	84	2	38	197	13	225	5.91e-28	114
Cre06.g275700.t1.2	tr|A0A699Z2R0|A0A699Z2R0_HAELA	95.2	42	2	0	62	103	78	119	1.08e-23	84.3
Cre06.g265050.t1.2	tr|A0A699Z2R0|A0A699Z2R0_HAELA	95.2	42	2	0	62	103	78	119	1.08e-23	84.3
Cre06.g251750.t1.2	tr|A0A835XUN6|A0A835XUN6_9CHLO	77.3	203	44	2	1	202	1	202	2.16e-108	306
Cre06.g293300.t1.1	tr|A0A250X4T6|A0A250X4T6_9CHLO	33.8	213	126	2	501	703	828	1035	6.59e-29	122
Cre06.g278287.t1.1	tr|A0A2J7ZU46|A0A2J7ZU46_9CHLO	30.6	611	349	17	388	971	11	573	1.76e-39	154
Cre06.g278287.t2.1	tr|A0A2J7ZU46|A0A2J7ZU46_9CHLO	30.6	611	349	17	380	963	11	573	1.74e-39	154
Cre06.g248850.t1.1	tr|A0A7S0RME0|A0A7S0RME0_9CHLO	25.4	354	225	7	641	989	793	1112	2.23e-35	142
Cre06.g270750.t1.1	tr|A0A7R9V637|A0A7R9V637_9CHLO	72.9	214	58	0	50	263	5	218	1.15e-105	322
Cre06.g303150.t1.1	tr|A0A250X4T6|A0A250X4T6_9CHLO	30.6	209	105	3	2337	2540	860	1033	3.03e-23	104
Cre06.g259550.t1.2	tr|A0A7S0X0W8|A0A7S0X0W8_9CHLO	33.3	189	117	3	108	289	205	391	1.23e-24	104
Cre06.g278164.t1.1	tr|D8UIL6|D8UIL6_VOLCA	35.1	575	280	16	93	628	37	557	1.70e-82	269
Cre06.g262400.t1.1	tr|A0A7S0R973|A0A7S0R973_9CHLO	41.8	1243	367	16	742	1724	33	1178	1.15e-232	728
Cre06.g282600.t1.1	tr|A0A835SZ11|A0A835SZ11_CHLIN	38.9	108	63	2	1	106	796	902	6.85e-15	75.1
Cre06.g278110.t1.1	tr|A0A835XG35|A0A835XG35_9CHLO	24.9	974	428	26	290	1127	711	1517	1.30e-22	101
Cre06.g296550.t1.2	tr|D8U0G9|D8U0G9_VOLCA	46.5	374	155	4	135	503	1087	1420	1.51e-86	311
Cre06.g278284.t1.1	tr|A0A7S0RF59|A0A7S0RF59_9CHLO	29.7	175	105	5	9	171	148	316	2.75e-12	64.7
Cre06.g278230.t1.1	tr|A0A835SCQ1|A0A835SCQ1_CHLIN	33.0	261	169	3	721	979	52	308	1.28e-33	135
Cre06.g278230.t2.1	tr|A0A835SCQ1|A0A835SCQ1_CHLIN	33.0	261	169	3	721	979	52	308	1.28e-33	135
Cre06.g294700.t1.1	tr|A0A150GHE5|A0A150GHE5_GONPE	50.0	1314	449	16	148	1446	1	1121	3.17e-82	298
Cre06.g278207.t1.1	tr|A0A2J7ZU46|A0A2J7ZU46_9CHLO	48.3	151	75	1	31	178	424	574	3.41e-32	128
Cre06.g289426.t1.1	tr|A8J0Y0|A8J0Y0_CHLRE	76.5	68	0	1	1	68	217	268	1.17e-28	99.4
Cre06.g278282.t1.1	tr|A0A2J7ZU46|A0A2J7ZU46_9CHLO	30.4	611	350	17	793	1376	11	573	6.22e-39	154
Cre06.g300350.t2.1	tr|A0A2K3DJF0|A0A2K3DJF0_CHLRE	45.0	289	143	7	113	392	72	353	2.93e-57	189
Cre06.g300350.t1.1	tr|A0A2K3DJF0|A0A2K3DJF0_CHLRE	45.0	289	143	7	113	392	72	353	2.93e-57	189
Cre06.g272650.t1.2	tr|A0A7S0X1Z1|A0A7S0X1Z1_9CHLO	39.4	218	100	9	35	232	171	376	2.34e-34	123
Cre06.g252550.t1.1	tr|A0A7R9VVG6|A0A7R9VVG6_9CHLO	51.8	278	111	5	3	268	11	277	1.21e-78	248
Cre06.g303400.t1.1	tr|A0A7S3VPE2|A0A7S3VPE2_DUNTE	26.8	362	192	11	317	670	48	344	7.36e-25	108
Cre06.g278248.t1.1	tr|A0A835T7K8|A0A835T7K8_CHLIN	38.3	222	77	8	428	624	319	505	9.83e-17	82.0
Cre06.g271200.t1.2	tr|A0A835WNS5|A0A835WNS5_9CHLO	29.5	302	191	14	32	316	6	302	3.49e-16	77.4
Cre06.g284250.t1.2	tr|A0A7S0X1Z1|A0A7S0X1Z1_9CHLO	46.2	223	101	5	36	245	163	379	2.76e-50	166
Cre06.g274300.t1.2	tr|A0A699Z2R0|A0A699Z2R0_HAELA	95.2	42	2	0	62	103	78	119	1.08e-23	84.3
Cre06.g252871.t1.1	tr|A0A836C3U1|A0A836C3U1_9CHLO	41.9	1029	408	22	8	974	16	916	2.18e-147	484
Cre06.g309750.t1.2	tr|A0A150FX86|A0A150FX86_GONPE	42.7	855	247	22	1	812	1	655	5.25e-126	414
Cre06.g268700.t1.1	tr|A0A835T479|A0A835T479_CHLIN	93.7	819	52	0	1	819	1	819	4.46e-278	785
Cre06.g290400.t1.1	tr|A0A835T7L9|A0A835T7L9_CHLIN	45.2	210	103	5	230	435	1308	1509	5.07e-42	157
Cre06.g290400.t2.1	tr|A0A835T7L9|A0A835T7L9_CHLIN	45.2	210	103	5	230	435	1308	1509	5.07e-42	157
Cre06.g268150.t1.1	tr|A0A250X6G6|A0A250X6G6_9CHLO	44.6	240	129	2	6	245	38	273	2.53e-58	207
Cre06.g278141.t1.1	tr|A0A835VQW0|A0A835VQW0_9CHLO	37.7	236	93	6	11	208	31	250	2.29e-27	116
Cre06.g265950.t1.1	tr|A0A7S0R3Y7|A0A7S0R3Y7_9CHLO	32.2	1024	587	17	3108	4099	2	950	3.25e-116	407
Cre06.g251050.t1.1	tr|A0A2K3DFR1|A0A2K3DFR1_CHLRE	31.7	262	166	6	413	672	5	255	1.12e-31	130
Cre06.g261450.t1.2	tr|A8HXE1|A8HXE1_CHLRE	100	131	0	0	1	131	1	131	1.48e-68	203
Cre06.g300600.t1.1	tr|A0A150FVP1|A0A150FVP1_GONPE	58.9	95	39	0	81	175	707	801	1.02e-26	115
Cre06.g277750.t1.1	tr|A0A2J8A3M6|A0A2J8A3M6_9CHLO	27.8	522	264	14	140	602	176	643	1.45e-28	117
Cre06.g283000.t1.1	tr|A0A150G318|A0A150G318_GONPE	61.8	510	176	6	101	602	16	514	1.69e-165	498
Cre06.g292050.t1.2	tr|A0A836BW14|A0A836BW14_9CHLO	26.2	428	225	20	110	480	138	531	2.99e-14	72.0
Cre06.g271100.t1.1	tr|A0A7S0RME0|A0A7S0RME0_9CHLO	29.2	343	201	14	70	383	779	1108	2.00e-27	110
Cre06.g267400.t1.2	tr|A0A2K3DZY1|A0A2K3DZY1_CHLRE	31.8	233	146	5	461	684	1400	1628	2.29e-22	101
Cre06.g285100.t1.1	tr|A0A2K3DQ20|A0A2K3DQ20_CHLRE	100	1091	0	0	1	1091	1	1091	0.0	1531
Cre06.g298650.t1.2	tr|A0A250X4U9|A0A250X4U9_9CHLO	33.1	359	225	5	91	438	291	645	1.61e-55	195
Cre06.g265450.t1.2	tr|A0A699Z2R0|A0A699Z2R0_HAELA	95.2	42	2	0	62	103	78	119	1.08e-23	84.3
Cre06.g278094.t1.1	tr|A0A835WWV1|A0A835WWV1_9CHLO	42.5	772	361	23	1	737	690	1413	5.67e-182	555
Cre09.g399912.t1.1	tr|A0A7R9V5K8|A0A7R9V5K8_9CHLO	31.3	131	81	2	1	122	1	131	1.20e-14	74.3
Cre09.g416400.t1.1	tr|A0A2K3DZY1|A0A2K3DZY1_CHLRE	46.5	439	155	9	629	998	1203	1630	3.27e-94	325
Cre09.g403250.t1.1	tr|A0A835SCQ1|A0A835SCQ1_CHLIN	31.6	291	172	7	729	1000	31	313	1.20e-29	123
Cre09.g407850.t1.2	tr|A0A2K3DFF3|A0A2K3DFF3_CHLRE	100	291	0	0	1	291	1	291	5.56e-209	567
Cre09.g389089.t1.2	tr|A0A835XL96|A0A835XL96_9CHLO	66.3	359	80	3	3	329	5	354	1.13e-166	464
Cre09.g388350.t1.1	tr|A0A2K3D7X9|A0A2K3D7X9_CHLRE	38.3	399	224	12	158	545	96	483	2.24e-74	248
Cre09.g409000.t1.1	tr|A0A2K3DS38|A0A2K3DS38_CHLRE	28.1	587	259	18	14	488	23	558	4.88e-32	128
Cre09.g386735.t1.1	tr|A0A7R9VVG6|A0A7R9VVG6_9CHLO	51.1	272	125	4	17	284	31	298	4.47e-66	215
Cre09.g394700.t1.1	tr|A0A836BNZ9|A0A836BNZ9_9CHLO	57.6	451	154	7	499	946	496	912	1.00e-145	459
Cre09.g401441.t1.1	tr|A0A835T7K8|A0A835T7K8_CHLIN	39.1	169	88	3	388	543	339	505	6.29e-17	81.3
Cre09.g401850.t1.1	tr|A0A150GLN6|A0A150GLN6_GONPE	35.6	180	73	6	1560	1717	773	931	3.49e-12	68.2
Cre09.g409951.t1.1	tr|A0A835XSY1|A0A835XSY1_9CHLO	66.7	156	52	0	119	274	2	157	2.64e-63	213
Cre09.g393469.t1.1	tr|A0A835WWV1|A0A835WWV1_9CHLO	28.3	392	235	13	151	513	79	453	1.08e-34	137
Cre09.g394400.t1.1	tr|A0A2K3DZY1|A0A2K3DZY1_CHLRE	42.0	300	130	8	2625	2904	1353	1628	1.49e-50	195
Cre09.g405900.t1.1	tr|A0A835XJ08|A0A835XJ08_9CHLO	32.7	312	165	9	446	716	2672	2979	6.08e-32	134
Cre09.g392900.t1.1	tr|D8TMM5|D8TMM5_VOLCA	37.0	2802	879	68	206	2732	202	2367	2.86e-297	948
Cre09.g414300.t1.2	tr|A0A250WR09|A0A250WR09_9CHLO	25.4	558	328	21	66	579	118	631	1.54e-32	130
Cre09.g386600.t1.1	tr|A0A835SJE7|A0A835SJE7_9CHLO	41.7	487	261	12	71	554	80	546	1.35e-106	339
Cre09.g386600.t2.1	tr|A0A835SJE7|A0A835SJE7_9CHLO	42.0	474	252	12	1	471	93	546	6.66e-106	334
Cre09.g398800.t1.2	tr|A8J0Y0|A8J0Y0_CHLRE	77.1	70	0	1	184	253	215	268	8.76e-28	103
Cre09.g388650.t1.1	tr|A0A150GRG7|A0A150GRG7_GONPE	43.7	199	96	4	362	548	175	369	1.66e-34	133
Cre09.g387950.t1.1	tr|A0A836BR11|A0A836BR11_9CHLO	54.0	276	115	5	687	951	576	850	6.56e-83	285
Cre09.g390319.t1.1	tr|A0A150GXF6|A0A150GXF6_GONPE	66.5	2438	517	32	1	2357	1	2219	0.0	2528
Cre09.g392282.t1.1	tr|A0A7S0R3Y7|A0A7S0R3Y7_9CHLO	36.3	1710	1005	21	2495	4164	1	1665	3.01e-302	956
Cre09.g414750.t1.1	tr|A0A835WWV1|A0A835WWV1_9CHLO	39.1	746	350	18	67	741	697	1409	1.60e-173	532
Cre09.g395850.t1.2	tr|A0A835SYX9|A0A835SYX9_CHLIN	73.6	740	163	11	1	724	1	724	6.71e-223	637
Cre09.g403500.t1.2	tr|D8U4G9|D8U4G9_VOLCA	37.5	376	132	10	1	374	23	297	2.37e-48	170
Cre09.g400738.t1.1	tr|A0A2J8AEA7|A0A2J8AEA7_9CHLO	64.7	249	70	6	31	275	236	470	2.17e-105	313
Cre09.g393850.t1.1	tr|A0A150GBB4|A0A150GBB4_GONPE	44.1	311	141	5	1272	1579	126	406	2.57e-59	209
Cre09.g396289.t1.1	tr|A0A835WWV1|A0A835WWV1_9CHLO	42.7	457	188	7	454	902	74	464	3.13e-94	322
Cre09.g395843.t1.1	tr|A0A150GE55|A0A150GE55_GONPE	42.5	682	280	14	358	996	80	692	2.61e-131	410
Cre09.g411525.t1.1	tr|A0A150G2W1|A0A150G2W1_GONPE	50.5	107	52	1	1861	1967	1222	1327	5.43e-21	97.1
Cre09.g411525.t2.1	tr|A0A150G2W1|A0A150G2W1_GONPE	50.5	107	52	1	1861	1967	1222	1327	5.43e-21	97.1
Cre09.g411525.t3.1	tr|A0A150G2W1|A0A150G2W1_GONPE	50.5	107	52	1	1860	1966	1222	1327	5.42e-21	97.1
Cre09.g405300.t1.2	tr|A0A699Z9C9|A0A699Z9C9_HAELA	48.9	137	52	1	23	159	15	133	8.55e-39	125
Cre09.g405300.t2.1	tr|A0A699Z9C9|A0A699Z9C9_HAELA	58.8	85	35	0	22	106	49	133	1.23e-29	100
Cre09.g396800.t1.1	tr|A0A835W0U1|A0A835W0U1_CHLIN	37.0	208	125	4	210	415	6688	6891	3.11e-32	126
Cre09.g406400.t1.1	tr|A0A150H1Z0|A0A150H1Z0_GONPE	28.5	953	370	14	649	1556	79	765	2.45e-66	239
Cre09.g399252.t1.1	tr|A0A835WWV1|A0A835WWV1_9CHLO	41.9	396	185	7	179	566	75	433	1.11e-87	295
Cre09.g394600.t1.2	tr|A0A2K3DS38|A0A2K3DS38_CHLRE	33.9	242	117	8	72	272	19	258	2.98e-26	110
Cre09.g392800.t1.1	tr|D8UEZ8|D8UEZ8_VOLCA	61.8	89	34	0	91	179	8	96	5.06e-20	91.7
Cre09.g412650.t1.1	tr|A0A835T7K8|A0A835T7K8_CHLIN	34.8	1072	445	33	219	1202	46	951	1.00e-57	213
Cre09.g393284.t1.1	tr|A0A2K3DED8|A0A2K3DED8_CHLRE	59.5	79	32	0	474	552	510	588	7.34e-22	97.1
Cre09.g386731.t1.1	tr|A0A835SYI2|A0A835SYI2_CHLIN	43.5	418	170	12	184	550	91	493	1.76e-80	281
Cre09.g415450.t1.2	tr|A0A835XQ81|A0A835XQ81_9CHLO	36.5	312	164	6	92	398	464	746	6.06e-46	174
Cre09.g404050.t1.1	tr|A0A835XJ08|A0A835XJ08_9CHLO	33.8	361	164	10	1695	2019	2662	2983	5.52e-43	170
Cre09.g408400.t1.1	tr|A0A835T7K8|A0A835T7K8_CHLIN	31.8	283	154	9	354	633	293	539	6.29e-14	72.8
Cre09.g400553.t1.1	tr|A0A250WWL2|A0A250WWL2_9CHLO	36.2	298	186	3	2259	2556	2722	3015	5.76e-49	190
Cre09.g400553.t2.1	tr|A0A250WWL2|A0A250WWL2_9CHLO	36.2	298	186	3	2250	2547	2722	3015	5.73e-49	190
Cre09.g397438.t1.1	tr|A0A2K3DS38|A0A2K3DS38_CHLRE	36.0	239	127	6	80	303	23	250	4.46e-25	107
Cre09.g412787.t1.1	tr|A0A835T7K8|A0A835T7K8_CHLIN	30.2	1079	485	26	219	1215	46	938	6.51e-52	195
Cre09.g415200.t1.1	tr|D8TX44|D8TX44_VOLCA	61.9	1021	285	16	143	1103	129	1105	9.06e-276	801
Cre09.g390300.t1.1	tr|A0A835TQ75|A0A835TQ75_CHLIN	41.6	202	78	3	2066	2227	3621	3822	5.92e-36	147
Cre09.g397000.t1.1	tr|A0A835SW77|A0A835SW77_CHLIN	65.9	3564	698	43	1	3423	1	3216	0.0	3905
Cre09.g397450.t1.1	tr|D8U0G9|D8U0G9_VOLCA	29.4	282	166	8	363	637	1136	1391	6.47e-15	78.2
Cre09.g398050.t1.1	tr|D8U0G9|D8U0G9_VOLCA	29.7	290	162	11	286	564	1133	1391	5.89e-15	78.6
Cre09.g389949.t1.1	tr|A0A2K3D4B0|A0A2K3D4B0_CHLRE	33.7	410	159	11	3	404	41	345	3.46e-50	171
Cre09.g412500.t1.2	tr|A0A2K3DJF0|A0A2K3DJF0_CHLRE	37.6	359	195	8	27	384	11	341	1.59e-58	192
Cre09.g412500.t2.1	tr|A0A2K3DJF0|A0A2K3DJF0_CHLRE	37.6	359	195	8	27	384	11	341	1.59e-58	192
Cre09.g404750.t1.1	tr|A0A835VY86|A0A835VY86_CHLIN	53.2	109	44	3	384	485	2129	2237	4.11e-22	99.8
Cre09.g394750.t1.2	tr|A0A150GKZ9|A0A150GKZ9_GONPE	68.8	333	98	4	109	436	1	332	8.07e-158	446
Cre09.g388875.t1.1	tr|A0A835SW25|A0A835SW25_CHLIN	34.9	393	190	6	571	900	1696	2085	1.49e-52	197
Cre09.g416550.t1.2	tr|A0A699Z0K2|A0A699Z0K2_HAELA	59.4	101	35	2	55	151	4	102	1.66e-23	92.8
Cre09.g397882.t1.1	tr|A0A835XG35|A0A835XG35_9CHLO	60.7	61	24	0	654	714	1459	1519	2.68e-14	74.7
Cre09.g387097.t1.1	tr|A0A150GII8|A0A150GII8_GONPE	26.3	594	285	21	129	695	24	491	6.52e-20	90.5
Cre09.g395399.t1.1	tr|A0A835VQW0|A0A835VQW0_9CHLO	42.4	177	72	4	11	174	31	190	1.89e-23	103
Cre09.g396139.t1.1	tr|A0A7S3QXL8|A0A7S3QXL8_DUNTE	37.9	480	195	11	722	1127	1	451	6.31e-75	252
Cre09.g389600.t1.1	tr|A0A835YDE0|A0A835YDE0_9CHLO	26.2	340	162	9	192	457	1046	1370	7.15e-16	80.5
Cre09.g410000.t1.1	tr|A0A835XSY1|A0A835XSY1_9CHLO	41.4	389	137	6	1	368	210	528	5.95e-66	228
Cre09.g398100.t1.1	tr|A0A2J8AEV7|A0A2J8AEV7_9CHLO	32.2	704	246	15	931	1632	365	839	6.56e-62	231
Cre09.g403400.t1.1	tr|D8U4G9|D8U4G9_VOLCA	37.4	361	128	9	7	364	32	297	5.89e-47	166
Cre09.g412175.t1.1	tr|A0A150G3T9|A0A150G3T9_GONPE	53.8	556	186	11	517	1038	19	537	4.66e-135	451
Cre09.g390171.t1.1	tr|A0A835XRL0|A0A835XRL0_9CHLO	34.6	231	123	6	281	483	1254	1484	5.28e-21	95.1
Cre09.g387350.t1.2	tr|A0A150GRG7|A0A150GRG7_GONPE	44.9	225	108	3	341	553	176	396	1.31e-41	154
Cre09.g397803.t1.1	tr|D8U0G9|D8U0G9_VOLCA	43.2	118	59	2	324	441	1281	1390	1.27e-14	76.6
Cre09.g407016.t1.1	tr|A0A2K3DJS2|A0A2K3DJS2_CHLRE	52.9	51	20	1	7	53	179	229	7.02e-11	55.1
Cre09.g401589.t1.1	tr|A0A835T7K8|A0A835T7K8_CHLIN	30.6	340	179	4	490	796	339	654	2.24e-16	80.9
Cre09.g393654.t1.1	tr|A0A2K3DED8|A0A2K3DED8_CHLRE	100	1354	0	0	250	1603	250	1603	0.0	1675
Cre09.g397290.t1.1	tr|A0A835VQW0|A0A835VQW0_9CHLO	36.9	244	102	7	18	229	31	254	1.53e-27	115
Cre09.g393432.t1.1	tr|A0A2J8AHN0|A0A2J8AHN0_9CHLO	35.8	965	335	22	1	899	75	820	2.23e-66	234
Cre09.g399886.t1.1	tr|A0A2J7ZU46|A0A2J7ZU46_9CHLO	31.0	432	243	12	1262	1670	11	410	6.10e-21	95.9
Cre09.g398252.t1.1	tr|A0A835SP23|A0A835SP23_CHLIN	88.7	335	34	3	1	334	1	332	1.11e-204	560
Cre09.g395658.t1.1	tr|A0A7S0RME0|A0A7S0RME0_9CHLO	28.7	307	185	9	20	305	805	1098	1.47e-20	95.5
Cre09.g413800.t1.1	tr|A0A2K3D5T8|A0A2K3D5T8_CHLRE	43.2	88	46	2	86	170	339	425	4.80e-14	72.0
Cre09.g390134.t1.1	tr|A0A835YDE0|A0A835YDE0_9CHLO	38.2	422	167	8	848	1260	1038	1374	1.58e-74	270
Cre09.g401400.t1.2	tr|D8U0P1|D8U0P1_VOLCA	33.2	639	241	15	54	656	179	667	7.58e-54	194
Cre09.g401849.t1.1	tr|A0A835T7K8|A0A835T7K8_CHLIN	37.1	337	155	5	483	786	338	650	2.26e-18	87.4
Cre09.g402330.t1.1	tr|A0A835XRL0|A0A835XRL0_9CHLO	36.2	1756	722	43	256	1962	86	1492	1.08e-137	465
Cre09.g403800.t1.2	tr|A0A7S0R3Y7|A0A7S0R3Y7_9CHLO	81.6	1667	303	2	2902	4567	1	1664	0.0	2691
Cre09.g414650.t1.1	tr|A0A7S0RME0|A0A7S0RME0_9CHLO	28.6	343	181	10	3	319	804	1108	7.14e-26	112
Cre09.g389875.t1.1	tr|A0A835YDE0|A0A835YDE0_9CHLO	27.5	324	220	5	24	341	627	941	6.76e-20	92.8
Cre09.g391245.t1.1	tr|A0A2K3DFR1|A0A2K3DFR1_CHLRE	35.6	264	161	4	11	273	1	256	4.22e-43	167
Cre09.g399289.t1.1	tr|A0A150FVP1|A0A150FVP1_GONPE	55.7	88	35	1	585	668	713	800	1.19e-24	107
Cre09.g416950.t1.1	tr|A0A150G279|A0A150G279_GONPE	28.4	194	85	2	51	191	4	196	5.56e-14	69.7
Cre09.g398850.t1.2	tr|A0A835SR16|A0A835SR16_CHLIN	67.6	491	91	6	95	547	4	464	3.51e-160	461
Cre09.g398750.t1.2	tr|A0A150GBB4|A0A150GBB4_GONPE	35.8	148	80	5	610	746	255	398	5.33e-15	74.7
Cre09.g412600.t1.1	tr|A0A835T0V6|A0A835T0V6_9CHLO	42.6	242	96	6	1037	1241	1676	1911	4.12e-41	164
Cre09.g400850.t1.1	tr|A0A835WTL1|A0A835WTL1_9CHLO	35.2	2430	1134	56	5653	8019	2958	5010	2.22e-315	1074
Cre09.g396698.t1.1	tr|A0A835XJL6|A0A835XJL6_9CHLO	35.7	789	400	20	143	896	10	726	6.95e-101	362
Cre09.g390850.t1.1	tr|A0A835WWV1|A0A835WWV1_9CHLO	78.8	631	119	5	64	689	1	621	0.0	944
Cre09.g401034.t1.1	tr|A0A2K3DS38|A0A2K3DS38_CHLRE	28.6	591	284	20	71	574	23	562	6.93e-26	109
Cre09.g397401.t1.1	tr|A0A2K3DS38|A0A2K3DS38_CHLRE	33.9	280	109	10	35	273	6	250	5.68e-27	112
Cre09.g415900.t1.2	tr|D8U306|D8U306_VOLCA	44.2	303	167	2	2	302	8	310	1.79e-81	247
Cre09.g399923.t1.1	tr|A0A2J7ZU46|A0A2J7ZU46_9CHLO	30.1	462	257	14	1272	1708	10	430	8.25e-21	95.5
Cre09.g397068.t1.1	tr|A0A2K3DS38|A0A2K3DS38_CHLRE	34.1	249	125	7	73	299	19	250	8.15e-24	102
Cre09.g395880.t1.1	tr|D8TMM7|D8TMM7_VOLCA	37.1	496	179	11	147	578	65	491	5.13e-60	213
Cre09.g398051.t1.1	tr|D8U0G9|D8U0G9_VOLCA	32.7	202	113	6	50	240	1201	1390	1.80e-12	68.9
Cre09.g387200.t1.1	tr|A0A150GRG7|A0A150GRG7_GONPE	49.2	195	83	3	373	555	175	365	8.31e-43	159
Cre09.g388986.t1.1	tr|A0A150H3B5|A0A150H3B5_GONPE	57.1	49	21	0	1028	1076	234	282	3.69e-11	63.5
Cre09.g401219.t1.1	tr|A0A2J7ZMF7|A0A2J7ZMF7_9CHLO	41.5	383	144	16	38	397	1184	1509	1.50e-53	189
Cre09.g397702.t1.1	tr|A0A835T6C7|A0A835T6C7_CHLIN	29.1	385	220	15	58	424	323	672	1.11e-13	73.9
Cre09.g411900.t1.1	tr|J7MB60|J7MB60_9CHLO	80.9	450	85	1	38	487	35	483	4.29e-267	731
Cre09.g412676.t1.1	tr|A0A2K3DFR1|A0A2K3DFR1_CHLRE	96.4	28	1	0	14	41	694	721	1.48e-11	53.9
Cre09.g397550.t1.1	tr|D8U0G9|D8U0G9_VOLCA	43.5	115	60	2	307	421	1281	1390	4.04e-14	75.1
Cre09.g396694.t1.1	tr|A8J0Y0|A8J0Y0_CHLRE	100	45	0	0	1	45	217	261	2.50e-27	95.9
Cre09.g412550.t1.1	tr|A0A250WR09|A0A250WR09_9CHLO	31.5	623	349	21	53	629	6	596	1.59e-78	264
Cre09.g412550.t2.1	tr|A0A250WR09|A0A250WR09_9CHLO	30.3	565	316	21	20	538	64	596	3.84e-63	219
Cre09.g398950.t1.2	tr|A8J0Y0|A8J0Y0_CHLRE	75.7	70	1	1	180	249	215	268	5.87e-27	101
Cre09.g390550.t1.1	tr|A0A835WWV1|A0A835WWV1_9CHLO	43.4	113	63	1	10	121	319	431	2.03e-23	92.8
Cre09.g400800.t1.2	tr|A0A150GBB4|A0A150GBB4_GONPE	44.0	300	152	2	1234	1533	123	406	5.69e-62	216
Cre09.g415100.t1.1	tr|A0A835WWV1|A0A835WWV1_9CHLO	39.6	169	78	5	65	230	698	845	9.16e-35	127
Cre09.g417250.t1.1	tr|A0A835WWV1|A0A835WWV1_9CHLO	41.8	697	337	18	70	736	698	1355	5.79e-169	524
Cre09.g396065.t1.1	tr|A0A835SCQ1|A0A835SCQ1_CHLIN	33.1	296	178	5	1014	1305	43	322	1.38e-31	130
Cre09.g401000.t1.1	tr|A0A2J8A3M6|A0A2J8A3M6_9CHLO	35.1	151	90	3	733	882	334	477	4.55e-14	72.8
Cre09.g389615.t1.1	tr|A0A172WYN8|A0A172WYN8_CHLRE	100	982	0	0	1	982	1	982	0.0	1119
Cre09.g395806.t1.1	tr|A0A2J7ZYJ7|A0A2J7ZYJ7_9CHLO	27.8	252	95	8	103	342	150	326	3.43e-13	67.8
Cre09.g399960.t1.1	tr|A0A2J7ZU46|A0A2J7ZU46_9CHLO	30.3	611	351	17	1646	2229	11	573	6.65e-39	154
Cre09.g400849.t1.1	tr|A0A835SRL9|A0A835SRL9_9CHLO	43.9	387	152	7	1406	1734	1442	1821	4.23e-55	209
Cre09.g402738.t1.1	tr|A0A2K3DYX1|A0A2K3DYX1_CHLRE	48.0	125	64	1	3	127	1699	1822	1.44e-24	105
Cre09.g395050.t1.1	tr|A0A835WTX5|A0A835WTX5_9CHLO	44.0	3592	1297	87	98	3285	124	3395	5.55e-175	604
Cre09.g393062.t1.1	tr|A0A835SW25|A0A835SW25_CHLIN	29.0	252	109	7	1366	1597	1877	2078	2.78e-11	65.1
Cre09.g391949.t1.1	tr|A0A835SYI2|A0A835SYI2_CHLIN	35.9	78	50	0	308	385	408	485	1.93e-11	63.2
Cre09.g395695.t1.1	tr|A0A7S0RME0|A0A7S0RME0_9CHLO	28.3	321	196	9	46	345	805	1112	4.61e-22	100
Cre09.g414900.t1.1	tr|A0A835WWV1|A0A835WWV1_9CHLO	41.3	681	339	17	64	714	714	1363	4.72e-168	521
Cre09.g402589.t1.1	tr|A0A835SQ00|A0A835SQ00_CHLIN	51.7	87	41	1	461	546	914	1000	1.88e-17	86.7
Cre09.g397700.t1.1	tr|D8U0G9|D8U0G9_VOLCA	32.1	271	152	9	226	483	1139	1390	6.64e-16	81.3
Cre09.g396750.t1.1	tr|A0A835W0U1|A0A835W0U1_CHLIN	36.1	205	117	4	1255	1456	6698	6891	7.16e-27	116
Cre09.g396750.t2.1	tr|A0A835W0U1|A0A835W0U1_CHLIN	36.1	205	117	4	1218	1419	6698	6891	6.87e-27	116
Cre09.g396750.t3.1	tr|A0A835W0U1|A0A835W0U1_CHLIN	36.1	205	117	4	1210	1411	6698	6891	6.81e-27	116
Cre09.g401071.t1.1	tr|A0A2K3DS38|A0A2K3DS38_CHLRE	28.1	670	319	22	67	626	19	635	1.66e-30	124
Cre09.g401626.t1.1	tr|A0A835T7K8|A0A835T7K8_CHLIN	28.8	358	196	5	489	812	339	671	3.35e-15	77.0
Cre09.g403450.t1.2	tr|D8U4G9|D8U4G9_VOLCA	37.4	377	132	10	1	375	23	297	6.60e-48	169
Cre09.g387023.t1.1	tr|A0A835XJ08|A0A835XJ08_9CHLO	63.8	417	110	10	2225	2641	2671	3046	5.53e-127	446
Cre09.g393650.t1.2	tr|A0A835YGD6|A0A835YGD6_9CHLO	38.9	1065	447	28	1	883	1	1043	8.03e-194	580
Cre09.g388393.t1.1	tr|A0A7S0RCE8|A0A7S0RCE8_9CHLO	36.1	687	330	16	33	691	34	639	1.57e-129	394
Cre09.g400330.t1.1	tr|A0A835SCQ1|A0A835SCQ1_CHLIN	37.2	274	163	3	61	333	52	317	1.19e-44	171
Cre09.g400330.t2.1	tr|A0A835SCQ1|A0A835SCQ1_CHLIN	37.2	274	163	3	61	333	52	317	1.17e-44	171
Cre09.g400071.t1.1	tr|A0A2J7ZU46|A0A2J7ZU46_9CHLO	30.3	466	259	14	77	517	10	434	4.83e-23	99.4
Cre09.g410500.t1.1	tr|A0A835T4Q5|A0A835T4Q5_CHLIN	62.7	2475	668	34	90	2501	93	2374	0.0	1118
Cre09.g410500.t2.1	tr|A0A835T4Q5|A0A835T4Q5_CHLIN	63.4	2466	652	34	90	2489	93	2374	0.0	1139
Cre09.g403950.t1.2	tr|A0A835SCQ1|A0A835SCQ1_CHLIN	37.7	167	99	3	37	202	150	312	2.69e-26	102
Cre09.g413566.t1.1	tr|A0A2J7ZU46|A0A2J7ZU46_9CHLO	34.8	379	230	6	641	1003	8	385	8.51e-50	185
Cre09.g388750.t1.2	tr|A0A835XKE8|A0A835XKE8_9CHLO	28.8	385	220	14	59	397	103	479	4.04e-20	91.7
Cre09.g390097.t1.1	tr|A0A835YDE0|A0A835YDE0_9CHLO	32.0	528	175	6	1058	1584	1028	1372	2.04e-65	242
Cre09.g400182.t1.1	tr|A0A2J7ZU46|A0A2J7ZU46_9CHLO	30.1	612	353	17	1273	1857	10	573	5.32e-39	153
Cre09.g389097.t1.1	tr|A0A2J7ZU46|A0A2J7ZU46_9CHLO	49.0	151	74	1	16	163	424	574	1.65e-33	132
Cre09.g394900.t1.1	tr|A0A836C725|A0A836C725_9CHLO	27.6	626	384	17	145	724	68	670	1.79e-42	168
Cre09.g391050.t1.1	tr|A0A2K3DYX1|A0A2K3DYX1_CHLRE	37.0	138	78	4	608	740	1687	1820	3.28e-15	79.7
Cre09.g400886.t1.1	tr|A0A835SRL9|A0A835SRL9_9CHLO	41.3	366	142	9	1553	1861	1449	1798	1.05e-48	188
Cre09.g399775.t1.1	tr|A0A7S0RF59|A0A7S0RF59_9CHLO	34.3	265	154	7	5	257	60	316	8.85e-36	130
Cre09.g401700.t1.2	tr|A0A250WSQ8|A0A250WSQ8_9CHLO	36.9	1230	579	25	7	1197	2	1073	1.47e-151	480
Cre09.g402601.t1.1	tr|A0A2J8A950|A0A2J8A950_9CHLO	41.5	371	141	9	1688	2050	1688	1990	1.53e-56	214
Cre09.g403000.t1.1	tr|A0A835YDE0|A0A835YDE0_9CHLO	40.5	304	162	3	352	637	201	503	6.32e-52	192
Cre09.g398550.t1.2	tr|A0A7S0X0W8|A0A7S0X0W8_9CHLO	38.8	260	133	9	795	1033	202	456	1.81e-35	139
Cre09.g392000.t1.1	tr|D8TML2|D8TML2_VOLCA	58.9	1218	324	12	4	1203	6	1064	0.0	1031
Cre09.g392000.t2.1	tr|D8TML2|D8TML2_VOLCA	61.3	1170	324	11	4	1155	6	1064	0.0	1055
Cre09.g393551.t1.1	tr|D8TMK9|D8TMK9_VOLCA	53.4	73	34	0	575	647	530	602	4.26e-15	76.3
Cre09.g390350.t1.1	tr|A0A835WWV1|A0A835WWV1_9CHLO	45.2	367	198	3	108	472	75	440	3.74e-92	309
Cre09.g410332.t1.2	tr|A0A2K3DZY1|A0A2K3DZY1_CHLRE	36.6	175	100	4	153	316	1400	1574	1.19e-15	78.6
Cre09.g401812.t1.1	tr|A0A835W2N5|A0A835W2N5_9CHLO	60.0	4202	1195	61	6	3926	23	4020	0.0	3038
Cre09.g401812.t2.1	tr|A0A835W2N5|A0A835W2N5_9CHLO	60.0	4202	1195	61	6	3926	23	4020	0.0	3038
Cre09.g400034.t1.1	tr|A0A2J7ZU46|A0A2J7ZU46_9CHLO	30.1	612	353	17	1225	1809	10	573	5.49e-39	154
Cre09.g386300.t1.2	tr|A8J0Y0|A8J0Y0_CHLRE	75.7	70	1	1	188	257	215	268	7.13e-27	101
Cre09.g403650.t1.1	tr|A0A835SCQ1|A0A835SCQ1_CHLIN	33.7	276	175	5	778	1052	45	313	1.46e-33	135
Cre09.g393247.t1.1	tr|A0A835XJ08|A0A835XJ08_9CHLO	46.7	749	324	22	19	731	16	725	1.38e-100	351
Cre09.g390000.t1.2	tr|D8TWQ5|D8TWQ5_VOLCA	24.5	596	337	14	583	1124	874	1410	1.38e-28	122
Cre09.g401552.t1.1	tr|A0A835T7K8|A0A835T7K8_CHLIN	30.5	380	173	9	416	730	301	654	4.08e-19	89.7
Cre09.g388000.t1.2	tr|A0A2K3DFR1|A0A2K3DFR1_CHLRE	37.8	209	121	4	1	208	1	201	4.99e-33	126
Cre09.g407700.t1.2	tr|A0A836C3U6|A0A836C3U6_9CHLO	33.6	241	129	11	136	349	302	538	7.11e-27	111
Cre09.g400450.t1.1	tr|A0A835W8I2|A0A835W8I2_9CHLO	39.1	470	232	9	1301	1733	1474	1926	5.38e-67	248
Cre09.g400450.t2.1	tr|A0A835W8I2|A0A835W8I2_9CHLO	39.1	470	232	9	1284	1716	1474	1926	5.26e-67	248
Cre09.g400450.t3.1	tr|A0A835W8I2|A0A835W8I2_9CHLO	39.1	470	232	9	1283	1715	1474	1926	5.26e-67	248
Cre09.g394102.t1.1	tr|A0A2J7ZZC2|A0A2J7ZZC2_9CHLO	40.9	203	106	4	44	232	306	508	1.54e-35	139
Cre09.g387986.t2.1	tr|A0A2K3CSJ5|A0A2K3CSJ5_CHLRE	91.5	94	6	1	42	135	306	397	5.13e-40	141
Cre09.g387986.t1.1	tr|A0A2K3CSJ5|A0A2K3CSJ5_CHLRE	91.5	94	6	1	42	135	306	397	5.13e-40	141
Cre09.g394806.t1.1	tr|A0A835WTM9|A0A835WTM9_9CHLO	37.3	746	293	26	176	896	1	596	2.18e-96	329
Cre09.g388700.t1.1	tr|A0A835YDE0|A0A835YDE0_9CHLO	33.0	176	116	1	2104	2279	1202	1375	2.79e-22	101
Cre09.g397771.t1.1	tr|A0A835VUJ7|A0A835VUJ7_CHLIN	51.6	3187	967	51	497	3353	472	3417	0.0	1176
Cre09.g401182.t1.1	tr|A0A7S0X0W8|A0A7S0X0W8_9CHLO	44.6	240	117	8	875	1103	202	436	6.02e-42	159
Cre09.g389650.t1.1	tr|A0A835YDE0|A0A835YDE0_9CHLO	26.2	340	162	9	16	281	1046	1370	2.46e-16	82.0
Cre09.g390023.t1.1	tr|A0A150FVP1|A0A150FVP1_GONPE	59.0	83	34	0	437	519	725	807	1.53e-25	110
Cre09.g399663.t1.1	tr|A0A835TM70|A0A835TM70_9CHLO	57.7	2503	805	37	1	2415	1	2337	0.0	2439
Cre09.g399663.t2.1	tr|A0A835TM70|A0A835TM70_9CHLO	57.8	2503	802	37	1	2415	1	2337	0.0	2444
Cre09.g397327.t1.1	tr|A0A250WWL2|A0A250WWL2_9CHLO	29.1	268	135	5	6367	6621	2723	2948	1.77e-17	87.8
Cre09.g413400.t1.1	tr|A0A835YDE0|A0A835YDE0_9CHLO	34.4	941	428	23	143	1067	612	1379	4.66e-118	400
Cre09.g407050.t1.2	tr|D8UIL6|D8UIL6_VOLCA	31.4	573	302	25	148	674	31	558	9.57e-59	205
Cre09.g388689.t1.1	tr|A0A835SW25|A0A835SW25_CHLIN	35.8	391	171	4	664	974	1698	2088	2.99e-62	229
Cre09.g403108.t1.1	tr|A0A835SR94|A0A835SR94_CHLIN	26.3	429	257	10	1133	1508	27	449	2.49e-28	120
Cre09.g401800.t1.1	tr|A0A150GLN6|A0A150GLN6_GONPE	35.3	184	72	6	1714	1868	773	938	9.86e-15	76.6
Cre09.g395100.t1.2	tr|A0A150G279|A0A150G279_GONPE	49.3	71	36	0	24	94	11	81	4.26e-12	61.2
Cre09.g412750.t1.2	tr|A0A2K3DFR1|A0A2K3DFR1_CHLRE	100	1389	0	0	1	1389	1	1389	0.0	2232
Cre09.g390750.t1.1	tr|A0A835WWV1|A0A835WWV1_9CHLO	71.4	787	195	6	44	800	636	1422	0.0	1233
Cre09.g397050.t1.1	tr|A0A835SW77|A0A835SW77_CHLIN	61.7	3485	925	59	19	3392	30	3215	0.0	3394
Cre30.g757997.t1.1	tr|A0A2J7ZU46|A0A2J7ZU46_9CHLO	30.6	605	357	17	219	802	11	573	1.25e-40	157
Cre40.g760247.t1.1	tr|A0A2J7ZU46|A0A2J7ZU46_9CHLO	43.8	623	285	13	118	739	1	559	9.71e-123	384
Cre35.g759247.t1.1	tr|A0A835VY86|A0A835VY86_CHLIN	78.4	2103	386	18	1	2083	1	2055	0.0	2660
Cre17.g715400.t1.1	tr|A0A250X9A4|A0A250X9A4_9CHLO	35.2	219	105	2	45	226	76	294	7.76e-35	130
Cre17.g731700.t1.1	tr|D8U0G9|D8U0G9_VOLCA	35.6	348	176	5	184	530	1097	1397	4.27e-55	207
Cre17.g728700.t1.1	tr|A0A835SCQ1|A0A835SCQ1_CHLIN	28.4	197	123	4	1377	1561	118	308	2.50e-17	84.3
Cre17.g702850.t1.1	tr|A0A835YD45|A0A835YD45_9CHLO	28.1	675	413	11	3323	3991	3502	4110	6.67e-61	231
Cre17.g709900.t1.1	tr|A0A2K3DZY1|A0A2K3DZY1_CHLRE	44.4	444	184	10	1484	1886	1208	1629	9.08e-90	322
Cre17.g709900.t2.1	tr|A0A2K3DZY1|A0A2K3DZY1_CHLRE	44.4	444	184	10	1483	1885	1208	1629	9.06e-90	322
Cre17.g698903.t1.2	tr|A0A836C3S8|A0A836C3S8_9CHLO	42.6	922	464	9	37	939	41	916	1.09e-209	710
Cre17.g700300.t1.1	tr|A0A7S0X0W8|A0A7S0X0W8_9CHLO	36.6	238	104	7	103	324	231	437	2.29e-23	100
Cre17.g729400.t1.2	tr|A0A835SUQ0|A0A835SUQ0_CHLIN	52.6	2155	725	45	1	1978	47	2081	0.0	1499
Cre17.g704100.t1.2	tr|A0A836C2S2|A0A836C2S2_9CHLO	34.8	379	195	10	146	477	140	513	3.53e-52	186
Cre17.g734050.t1.1	tr|A0A150GEU0|A0A150GEU0_GONPE	54.2	190	69	6	21	209	2	174	2.30e-48	186
Cre17.g738632.t1.2	tr|A0A2K3DED8|A0A2K3DED8_CHLRE	53.3	60	28	0	1	60	521	580	2.30e-19	79.3
Cre17.g718500.t1.1	tr|D8UIL6|D8UIL6_VOLCA	27.2	573	279	26	178	676	49	557	2.28e-28	116
Cre17.g708450.t1.1	tr|A0A836BW14|A0A836BW14_9CHLO	55.0	556	233	8	183	726	1	551	2.17e-204	590
Cre17.g720400.t1.1	tr|A0A150H1Z0|A0A150H1Z0_GONPE	31.3	310	163	6	261	556	141	414	2.86e-20	93.6
Cre17.g718468.t1.2	tr|D8UIL6|D8UIL6_VOLCA	29.3	307	163	16	364	635	270	557	1.49e-20	92.0
Cre17.g723300.t1.1	tr|A0A2K3DFR1|A0A2K3DFR1_CHLRE	34.7	222	137	4	19	240	2	215	3.77e-30	127
Cre17.g714600.t1.2	tr|A0A699Z2R0|A0A699Z2R0_HAELA	95.2	42	2	0	62	103	78	119	1.08e-23	84.3
Cre17.g700133.t1.1	tr|A0A835SCQ1|A0A835SCQ1_CHLIN	34.4	270	172	2	244	512	43	308	5.91e-40	154
Cre17.g713025.t1.1	tr|A0A835XL87|A0A835XL87_9CHLO	50.6	261	113	5	723	970	732	989	1.71e-62	226
Cre17.g713025.t2.1	tr|A0A835XL87|A0A835XL87_9CHLO	50.6	261	113	5	722	969	732	989	1.70e-62	226
Cre17.g741900.t2.1	tr|A0A836BR11|A0A836BR11_9CHLO	45.1	328	128	5	566	892	576	852	6.85e-73	255
Cre17.g741900.t1.1	tr|A0A836BR11|A0A836BR11_9CHLO	45.1	328	128	5	566	892	576	852	6.85e-73	255
Cre17.g696900.t1.1	tr|A0A150GCK9|A0A150GCK9_GONPE	43.2	176	91	4	1671	1839	205	378	3.04e-37	143
Cre17.g708200.t1.2	tr|A0A699Z2R0|A0A699Z2R0_HAELA	95.2	42	2	0	62	103	78	119	1.08e-23	84.3
Cre17.g719550.t1.2	tr|D8TTM4|D8TTM4_VOLCA	51.9	162	48	2	4	165	16	147	1.98e-31	116
Cre17.g733800.t1.1	tr|A0A2K3CR70|A0A2K3CR70_CHLRE	100	2945	0	0	1	2945	1	2945	0.0	2744
Cre17.g741400.t1.1	tr|A0A835XG35|A0A835XG35_9CHLO	35.3	337	166	5	1600	1929	1254	1545	1.34e-29	125
Cre17.g734741.t1.1	tr|A0A2K3DS38|A0A2K3DS38_CHLRE	34.8	178	97	4	74	240	23	192	5.81e-15	74.7
Cre17.g748047.t1.1	tr|A0A2J7ZU46|A0A2J7ZU46_9CHLO	59.5	121	49	0	1	121	446	566	6.91e-41	142
Cre17.g729350.t1.1	tr|A0A835SUQ0|A0A835SUQ0_CHLIN	50.1	2165	749	38	1	1963	47	2081	0.0	1489
Cre17.g724200.t1.2	tr|A0A835Y010|A0A835Y010_9CHLO	33.1	145	77	5	6	146	29	157	4.70e-14	70.9
Cre17.g734250.t1.1	tr|A0A150G2W1|A0A150G2W1_GONPE	39.2	520	229	12	957	1466	886	1328	8.72e-49	187
Cre17.g719450.t1.1	tr|A0A835SCQ1|A0A835SCQ1_CHLIN	38.0	279	163	3	333	608	37	308	4.80e-45	170
Cre17.g710500.t1.2	tr|A0A699Z2R0|A0A699Z2R0_HAELA	95.2	42	2	0	62	103	78	119	1.08e-23	84.3
Cre17.g746997.t1.1	tr|A0A250XB56|A0A250XB56_9CHLO	58.8	182	70	1	777	953	1	182	1.00e-67	220
Cre17.g701300.t1.2	tr|A0A835SLL6|A0A835SLL6_CHLIN	87.8	928	64	4	1	902	1	905	0.0	1383
Cre17.g705316.t1.2	tr|A8J0Y0|A8J0Y0_CHLRE	75.7	70	1	1	10	79	215	268	4.67e-29	100
Cre17.g740100.t1.1	tr|A0A835T7K8|A0A835T7K8_CHLIN	32.0	206	112	4	484	689	259	436	2.31e-11	64.7
Cre17.g738800.t1.2	tr|A0A835SR43|A0A835SR43_CHLIN	71.1	714	111	8	1	665	1	668	5.97e-180	523
Cre17.g709500.t1.1	tr|A0A2K3DFR1|A0A2K3DFR1_CHLRE	31.1	238	137	4	11	248	5	215	1.31e-25	110
Cre17.g743497.t1.1	tr|A0A7S0RF59|A0A7S0RF59_9CHLO	30.8	221	146	3	1	215	97	316	1.95e-20	89.7
Cre17.g743497.t2.1	tr|A0A7S0RF59|A0A7S0RF59_9CHLO	30.8	221	146	3	1	215	97	316	1.22e-20	89.7
Cre17.g721750.t1.1	tr|A0A835WWV1|A0A835WWV1_9CHLO	41.1	761	370	23	100	824	695	1413	7.64e-179	549
Cre17.g744447.t1.1	tr|A0A835SR60|A0A835SR60_CHLIN	92.8	1285	81	3	1	1285	1	1274	0.0	2257
Cre17.g699500.t1.2	tr|A0A835SR94|A0A835SR94_CHLIN	27.2	448	205	12	20	373	17	437	5.36e-35	134
Cre17.g707600.t1.2	tr|A0A2K3CPC2|A0A2K3CPC2_CHLRE	100	327	0	0	1	327	1	327	4.82e-154	431
Cre17.g707600.t2.1	tr|A0A2K3CPC2|A0A2K3CPC2_CHLRE	100	327	0	0	1	327	1	327	4.82e-154	431
Cre17.g713500.t1.2	tr|A0A699Z2R0|A0A699Z2R0_HAELA	95.2	42	2	0	62	103	78	119	1.08e-23	84.3
Cre17.g699450.t1.2	tr|A0A2K3DS38|A0A2K3DS38_CHLRE	41.0	166	81	4	66	227	13	165	4.58e-20	91.7
Cre17.g716450.t1.1	tr|A0A7S0X0W8|A0A7S0X0W8_9CHLO	38.4	242	137	3	499	740	210	439	2.07e-42	159
Cre17.g741350.t1.2	tr|A0A836B760|A0A836B760_9CHLO	30.9	353	146	8	200	543	129	392	9.93e-22	99.4
Cre17.g710150.t1.2	tr|A0A7S0X0W8|A0A7S0X0W8_9CHLO	36.7	240	133	7	135	360	202	436	2.75e-37	138
Cre17.g696950.t1.1	tr|A0A835XL87|A0A835XL87_9CHLO	34.9	295	133	7	1494	1784	746	985	3.86e-39	155
Cre17.g738600.t1.1	tr|A0A2K3DED8|A0A2K3DED8_CHLRE	53.8	78	36	0	1396	1473	503	580	5.35e-19	90.1
Cre17.g735450.t1.1	tr|A0A836B8Y8|A0A836B8Y8_9CHLO	35.4	683	229	15	315	984	218	701	3.49e-92	327
Cre17.g709000.t1.2	tr|A0A835W0U1|A0A835W0U1_CHLIN	32.1	1887	1021	40	2419	4190	1741	3481	2.36e-175	609
Cre17.g705400.t1.2	tr|A0A7S0YIX0|A0A7S0YIX0_9CHLO	38.0	208	126	2	1	208	1	205	2.00e-38	131
Cre17.g733300.t1.1	tr|A0A835SCQ1|A0A835SCQ1_CHLIN	34.2	196	109	6	306	487	119	308	9.85e-21	94.0
Cre17.g715800.t1.1	tr|A0A2K3D7X9|A0A2K3D7X9_CHLRE	35.1	453	229	19	58	498	109	508	1.11e-48	172
Cre17.g704050.t1.1	tr|A0A836C2S2|A0A836C2S2_9CHLO	34.5	435	243	7	207	601	95	527	2.74e-60	211
Cre17.g747397.t1.1	tr|A0A250X6G6|A0A250X6G6_9CHLO	33.1	269	153	8	457	724	9	251	3.81e-36	142
Cre17.g730300.t1.2	tr|A0A2K3DS38|A0A2K3DS38_CHLRE	28.2	670	292	24	75	605	15	634	7.30e-28	115
Cre17.g747447.t1.1	tr|A0A2K3CS73|A0A2K3CS73_CHLRE	100	251	0	0	1	251	1	251	1.06e-145	404
Cre17.g698233.t1.1	tr|A0A150FVP1|A0A150FVP1_GONPE	60.5	76	30	0	559	634	726	801	1.50e-27	116
Cre17.g740650.t1.1	tr|A0A835T7K8|A0A835T7K8_CHLIN	28.7	666	318	21	363	900	303	939	3.21e-22	99.4
Cre17.g698550.t1.1	tr|A0A7S0RME0|A0A7S0RME0_9CHLO	31.0	300	167	10	39	309	828	1116	1.04e-22	102
Cre17.g739500.t1.1	tr|A0A835T7K8|A0A835T7K8_CHLIN	36.5	178	90	5	392	561	338	500	2.44e-11	64.3
Cre17.g705000.t1.2	tr|A0A150GBS0|A0A150GBS0_GONPE	33.8	423	189	7	171	544	265	645	1.69e-62	221
Cre17.g719000.t1.2	tr|A0A835SZ11|A0A835SZ11_CHLIN	30.5	367	229	10	47	404	698	1047	3.68e-42	155
Cre17.g723050.t1.1	tr|A0A835T6C7|A0A835T6C7_CHLIN	58.7	3466	1100	63	52	3304	255	3603	0.0	2146
Cre17.g709100.t1.2	tr|A0A699Z2R0|A0A699Z2R0_HAELA	95.2	42	2	0	62	103	78	119	1.08e-23	84.3
Cre17.g706700.t1.1	tr|A0A835Y0L8|A0A835Y0L8_9CHLO	32.8	363	192	7	3043	3396	2092	2411	3.52e-39	158
Cre17.g706700.t2.1	tr|A0A835Y0L8|A0A835Y0L8_9CHLO	32.8	363	192	7	3038	3391	2092	2411	3.52e-39	158
Cre17.g710800.t1.2	tr|A0A699ZNE8|A0A699ZNE8_HAELA	47.7	86	44	1	391	475	1	86	1.52e-20	82.8
Cre17.g710800.t2.1	tr|A0A699ZNE8|A0A699ZNE8_HAELA	52.1	94	44	1	391	483	1	94	8.42e-25	94.7
Cre17.g710650.t1.1	tr|A0A835YGD6|A0A835YGD6_9CHLO	46.7	122	64	1	1188	1309	923	1043	2.32e-24	107
Cre17.g708750.t1.2	tr|A0A835W0U1|A0A835W0U1_CHLIN	40.1	202	114	7	105	302	6692	6890	1.03e-32	124
Cre17.g728250.t1.1	tr|A0A835VW61|A0A835VW61_CHLIN	34.0	7731	3066	194	1	6848	1	6564	0.0	2100
Cre17.g710600.t1.2	tr|A0A835W8I2|A0A835W8I2_9CHLO	31.1	196	111	4	1633	1824	1662	1837	1.00e-13	73.6
Cre17.g724350.t1.2	tr|A0A7S0YIX0|A0A7S0YIX0_9CHLO	32.9	207	131	3	8	213	8	207	7.99e-35	121
Cre17.g720350.t1.1	tr|A0A7S0S6A3|A0A7S0S6A3_9CHLO	69.0	145	42	3	64	208	68	209	1.74e-69	207
Cre17.g721950.t1.2	tr|A0A250WU35|A0A250WU35_9CHLO	31.8	446	230	16	62	484	64	458	2.56e-56	199
Cre17.g709750.t1.1	tr|A0A2K3DFR1|A0A2K3DFR1_CHLRE	38.3	167	84	4	6	171	51	199	2.25e-24	107
Cre17.g726600.t1.2	tr|A0A2J7ZU46|A0A2J7ZU46_9CHLO	38.3	590	321	11	709	1278	8	574	8.30e-86	294
Cre17.g726600.t2.1	tr|A0A2J7ZU46|A0A2J7ZU46_9CHLO	38.3	590	321	11	93	662	8	574	4.64e-87	294
Cre17.g712800.t1.1	tr|A0A835VQW0|A0A835VQW0_9CHLO	35.2	227	103	4	3	195	34	250	1.44e-24	104
Cre17.g733200.t1.1	tr|A0A835VY86|A0A835VY86_CHLIN	50.0	98	44	4	58	153	2140	2234	6.71e-21	85.9
Cre17.g704950.t1.1	tr|D8TTF4|D8TTF4_VOLCA	58.0	1906	653	14	875	2758	1078	2857	0.0	1669
Cre17.g722200.t1.2	tr|A0A7S3QWJ3|A0A7S3QWJ3_DUNTE	69.7	145	44	0	9	153	7	151	1.45e-74	216
Cre17.g705350.t1.1	tr|A0A2K3DFR1|A0A2K3DFR1_CHLRE	32.5	212	134	5	220	430	52	255	4.57e-29	123
Cre17.g728450.t1.2	tr|A0A835SKW2|A0A835SKW2_CHLIN	41.0	305	171	4	3686	3984	4418	4719	4.20e-51	198
Cre17.g716150.t1.1	tr|A0A835Y389|A0A835Y389_9CHLO	41.8	98	50	2	465	562	962	1052	4.03e-13	68.6
Cre17.g730950.t1.2	tr|A0A835XQ81|A0A835XQ81_9CHLO	34.5	377	220	11	10	383	423	775	4.25e-52	192
Cre17.g742250.t1.1	tr|A0A2K3DFR1|A0A2K3DFR1_CHLRE	27.0	244	125	7	106	345	11	205	2.60e-16	78.2
Cre17.g740261.t1.1	tr|A0A2J7ZSA6|A0A2J7ZSA6_9CHLO	44.7	443	171	3	214	653	1	372	1.46e-88	303
Cre17.g712100.t1.2	tr|A0A835WNS5|A0A835WNS5_9CHLO	90.1	446	43	1	1	445	1	446	2.77e-280	761
Cre17.g717300.t1.1	tr|A0A150G279|A0A150G279_GONPE	42.6	94	50	1	127	220	141	230	5.38e-15	69.3
Cre17.g714000.t1.2	tr|A0A699Z2R0|A0A699Z2R0_HAELA	95.2	42	2	0	62	103	78	119	1.08e-23	84.3
Cre17.g709550.t1.2	tr|A0A150H4A5|A0A150H4A5_GONPE	40.3	159	91	1	212	366	488	646	2.33e-31	129
Cre17.g697600.t1.1	tr|A0A835WLJ1|A0A835WLJ1_9CHLO	40.5	116	66	3	77	190	3	117	7.61e-13	68.9
Cre17.g739250.t1.1	tr|A0A835YGD6|A0A835YGD6_9CHLO	24.9	955	374	19	93	737	122	1043	2.34e-71	248
Cre17.g747997.t1.1	tr|A0A2J7ZU46|A0A2J7ZU46_9CHLO	44.0	343	179	7	219	550	1	341	4.93e-65	221
Cre17.g716600.t1.1	tr|A0A835SJE7|A0A835SJE7_9CHLO	43.0	449	239	9	10	456	90	523	9.44e-105	332
Cre17.g716600.t2.1	tr|A0A835SJE7|A0A835SJE7_9CHLO	43.0	449	239	9	10	456	90	523	9.44e-105	332
Cre17.g697934.t1.2	tr|A0A7S3QRI6|A0A7S3QRI6_DUNTE	53.1	96	43	2	227	321	88	182	4.16e-24	94.0
Cre17.g697934.t2.1	tr|A0A7S3QRI6|A0A7S3QRI6_DUNTE	53.1	96	43	2	227	321	88	182	4.16e-24	94.0
Cre17.g727700.t1.1	tr|A0A835SZ11|A0A835SZ11_CHLIN	36.9	390	222	8	87	470	697	1068	8.16e-63	226
Cre17.g704850.t1.2	tr|A0A835T3N4|A0A835T3N4_CHLIN	96.7	181	6	0	1	181	1	181	2.71e-125	347
Cre17.g728100.t1.2	tr|A0A7S0S5U3|A0A7S0S5U3_9CHLO	44.7	407	214	4	37	439	81	480	8.15e-112	336
Cre17.g701250.t1.2	sp|A8IQE0|CCD39_CHLRE	96.6	925	0	2	1	925	1	894	0.0	1494
Cre17.g746297.t1.1	tr|A0A835T7K8|A0A835T7K8_CHLIN	33.8	201	82	4	406	592	339	502	1.25e-12	68.6
Cre17.g730650.t1.2	tr|A0A835VW61|A0A835VW61_CHLIN	41.4	145	67	7	930	1072	4419	4547	1.31e-18	89.4
Cre17.g719522.t1.2	tr|D8TTM4|D8TTM4_VOLCA	39.8	1142	288	24	1	928	176	1131	5.42e-123	397
Cre17.g741750.t1.1	tr|A0A835XK00|A0A835XK00_9CHLO	41.3	206	93	5	3152	3349	3382	3567	1.72e-23	106
Cre17.g708000.t1.1	tr|A0A836C3S8|A0A836C3S8_9CHLO	38.3	1243	699	21	35	1219	33	1265	9.64e-263	842
Cre17.g713750.t1.2	tr|A0A150G2W1|A0A150G2W1_GONPE	35.8	176	90	7	501	664	1162	1326	2.65e-13	69.7
Cre17.g725100.t1.2	tr|A0A835VXF5|A0A835VXF5_CHLIN	96.3	831	28	1	52	882	1	828	0.0	1625
Cre17.g736250.t1.2	tr|A0A835XL87|A0A835XL87_9CHLO	47.5	255	128	1	792	1046	741	989	2.45e-67	241
Cre17.g704300.t1.1	tr|A0A250WVM3|A0A250WVM3_9CHLO	45.2	2961	1483	37	1	2915	1	2867	0.0	2407
Cre17.g705200.t1.1	tr|D8UIL6|D8UIL6_VOLCA	24.1	503	261	24	347	772	107	565	7.35e-15	75.9
Cre17.g735550.t1.1	tr|A0A835SCQ1|A0A835SCQ1_CHLIN	35.3	278	162	6	26	297	43	308	1.28e-36	145
Cre17.g708650.t1.2	tr|A0A699Z2R0|A0A699Z2R0_HAELA	95.2	42	2	0	62	103	78	119	1.08e-23	84.3
Cre17.g711800.t1.2	tr|A0A699Z2R0|A0A699Z2R0_HAELA	95.2	42	2	0	62	103	78	119	1.08e-23	84.3
Cre17.g734350.t1.1	tr|A0A2K3CR91|A0A2K3CR91_CHLRE	100	1694	0	0	1	1694	1	1694	0.0	2537
Cre17.g742400.t1.1	tr|A0A835YGD6|A0A835YGD6_9CHLO	49.6	123	62	0	4329	4451	920	1042	4.19e-29	124
Cre17.g743797.t1.1	tr|A0A835T6C7|A0A835T6C7_CHLIN	31.9	429	217	7	189	606	338	702	7.90e-52	199
Cre17.g702600.t1.1	tr|A0A2K3DZY1|A0A2K3DZY1_CHLRE	45.8	430	212	7	1136	1552	1205	1626	3.51e-84	302
Cre17.g720600.t1.1	tr|A0A835YD45|A0A835YD45_9CHLO	26.9	665	420	11	952	1612	3512	4114	7.86e-52	199
Cre17.g723450.t1.1	tr|A0A2J7ZSA6|A0A2J7ZSA6_9CHLO	40.5	946	432	24	116	1052	379	1202	3.02e-169	561
Cre17.g723450.t2.1	tr|A0A2J7ZSA6|A0A2J7ZSA6_9CHLO	40.5	946	432	24	116	1052	379	1202	3.02e-169	561
Cre17.g711900.t1.1	tr|A0A835WWV1|A0A835WWV1_9CHLO	38.6	448	240	8	82	505	17	453	6.30e-89	300
Cre17.g745447.t1.1	tr|A0A2K3DFR1|A0A2K3DFR1_CHLRE	31.1	257	157	4	61	317	5	241	8.22e-29	120
Cre17.g739300.t1.2	tr|A0A699ZY97|A0A699ZY97_HAELA	63.2	87	30	1	44	130	11	95	1.08e-36	118
Cre17.g709800.t1.2	tr|A0A1W5IVS0|A0A1W5IVS0_9CHLO	63.8	138	41	2	237	365	315	452	1.51e-42	160
Cre17.g739800.t1.1	tr|A0A835YBL2|A0A835YBL2_9CHLO	34.5	618	332	21	63	654	218	788	1.81e-45	174
Cre17.g710000.t1.1	tr|A0A2K3DZY1|A0A2K3DZY1_CHLRE	46.0	433	183	8	1408	1803	1208	1626	1.12e-78	285
Cre17.g735200.t1.2	tr|A0A835XQ81|A0A835XQ81_9CHLO	37.2	309	170	6	73	378	459	746	7.28e-45	168
Cre17.g745647.t1.1	tr|A0A835SDH5|A0A835SDH5_CHLIN	62.0	395	116	7	30	397	37	424	3.50e-126	367
Cre17.g698150.t1.1	tr|A0A2K3CNQ7|A0A2K3CNQ7_CHLRE	100	857	0	0	1	857	1	857	0.0	978
Cre17.g697750.t1.2	tr|A0A250WVM3|A0A250WVM3_9CHLO	55.3	76	26	1	3	70	659	734	4.13e-18	77.8
Cre17.g715300.t1.2	tr|A0A835XGH4|A0A835XGH4_9CHLO	29.1	206	104	8	963	1129	1508	1710	3.22e-12	68.2
Cre17.g728300.t1.1	tr|A0A7S0YFV0|A0A7S0YFV0_9CHLO	33.9	431	197	13	36	429	84	463	6.12e-68	232
Cre17.g745297.t1.1	tr|A0A2K3DJF0|A0A2K3DJF0_CHLRE	87.7	310	37	1	101	410	88	396	9.34e-190	528
Cre17.g723100.t1.2	tr|A0A835T6C7|A0A835T6C7_CHLIN	74.4	262	47	5	1	249	1	255	3.46e-125	388
Cre17.g708400.t1.2	tr|A0A836B8Y8|A0A836B8Y8_9CHLO	34.1	649	307	16	749	1384	218	758	6.93e-84	301
Cre24.g755247.t1.1	tr|A0A2K3DS38|A0A2K3DS38_CHLRE	29.4	670	338	26	55	640	19	637	3.15e-33	132
Cre24.g755397.t1.1	tr|A0A835WWV1|A0A835WWV1_9CHLO	56.7	104	41	1	107	210	689	788	7.58e-37	134
Cre28.g757747.t1.1	tr|A0A2J7ZU46|A0A2J7ZU46_9CHLO	28.7	596	351	14	2151	2704	10	573	6.08e-39	154
Cre28.g757497.t1.1	tr|A0A2J7ZU46|A0A2J7ZU46_9CHLO	30.4	611	350	18	1219	1802	11	573	2.13e-39	155
Cre28.g757547.t1.1	tr|A0A7S0RF59|A0A7S0RF59_9CHLO	32.1	324	189	8	375	686	12	316	2.48e-35	134
Cre39.g760097.t1.1	tr|A0A2J7ZU46|A0A2J7ZU46_9CHLO	52.5	236	110	1	1	236	482	715	2.44e-37	146
Cre20.g751397.t1.1	tr|A0A7S0RF59|A0A7S0RF59_9CHLO	34.8	253	145	7	3	243	72	316	1.69e-31	122
Cre05.g236650.t1.1	tr|A0A150GRG7|A0A150GRG7_GONPE	31.6	206	102	5	414	602	162	345	3.54e-22	97.1
Cre05.g236000.t1.1	tr|A0A835XJ08|A0A835XJ08_9CHLO	29.5	261	150	10	2576	2813	2730	2979	8.48e-17	84.3
Cre05.g232900.t1.1	tr|A0A2J8ACA7|A0A2J8ACA7_9CHLO	60.4	197	39	3	1069	1263	29	188	4.78e-56	212
Cre05.g234656.t1.1	tr|A0A835YDE0|A0A835YDE0_9CHLO	35.3	371	200	10	412	765	1025	1372	2.05e-54	204
Cre05.g245500.t1.1	tr|A0A835WDN6|A0A835WDN6_CHLIN	47.9	403	174	7	485	855	58	456	9.74e-89	319
Cre05.g245500.t2.1	tr|A0A835WDN6|A0A835WDN6_CHLIN	47.9	403	174	7	485	855	58	456	9.72e-89	319
Cre05.g246753.t1.1	tr|A0A835WWV1|A0A835WWV1_9CHLO	31.4	287	152	8	150	404	70	343	8.06e-27	114
Cre05.g246250.t1.1	tr|A0A2J7ZS76|A0A2J7ZS76_9CHLO	57.4	61	22	2	1345	1405	4161	4217	1.41e-13	72.4
Cre05.g235550.t1.1	tr|A0A835SQV4|A0A835SQV4_CHLIN	66.9	3122	865	41	1	3034	1	3043	0.0	2891
Cre05.g236183.t1.1	tr|A0A2K3DST0|A0A2K3DST0_CHLRE	100	529	0	0	1	529	1	529	1.78e-274	753
Cre05.g232750.t1.2	tr|A0A250X6G6|A0A250X6G6_9CHLO	58.1	626	148	13	1	524	1	614	1.84e-218	614
Cre05.g241851.t1.1	tr|A0A2J7ZU46|A0A2J7ZU46_9CHLO	36.1	595	292	12	739	1272	8	575	3.60e-76	265
Cre05.g241851.t3.1	tr|A0A2J7ZU46|A0A2J7ZU46_9CHLO	36.1	595	292	12	739	1272	8	575	2.21e-76	265
Cre05.g241851.t2.1	tr|A0A2J7ZU46|A0A2J7ZU46_9CHLO	36.1	595	292	12	83	616	8	575	2.41e-77	265
Cre05.g236700.t1.1	tr|A0A835SEW7|A0A835SEW7_CHLIN	68.8	1450	342	21	229	1644	92	1465	0.0	1319
Cre05.g236700.t2.1	tr|A0A835SEW7|A0A835SEW7_CHLIN	69.1	1444	342	20	229	1638	92	1465	0.0	1326
Cre05.g241202.t1.1	tr|A0A7S0YFV0|A0A7S0YFV0_9CHLO	35.6	421	196	11	3	380	64	452	1.92e-70	240
Cre05.g234600.t1.1	tr|A0A2K3DSL7|A0A2K3DSL7_CHLRE	100	2005	0	0	1	2005	1	2005	0.0	2066
Cre05.g235500.t1.1	tr|A0A836B760|A0A836B760_9CHLO	35.6	405	220	11	164	538	21	414	1.17e-49	189
Cre05.g237800.t1.1	tr|A0A150GRG7|A0A150GRG7_GONPE	33.5	212	123	3	540	738	158	364	2.31e-26	110
Cre05.g238100.t1.2	tr|A0A835YDE0|A0A835YDE0_9CHLO	45.5	123	67	0	1067	1189	1246	1368	1.84e-27	117
Cre05.g233650.t1.1	tr|A0A835TM70|A0A835TM70_9CHLO	42.9	2432	1108	45	9	2271	19	2339	0.0	1517
Cre05.g245352.t1.1	tr|A0A836BS50|A0A836BS50_9CHLO	36.6	5326	2821	138	97	5209	11	4984	0.0	2803
Cre05.g245352.t2.1	tr|A0A836BS50|A0A836BS50_9CHLO	36.7	5315	2821	137	97	5198	11	4984	0.0	2810
Cre05.g234644.t1.1	tr|A0A2K3DS38|A0A2K3DS38_CHLRE	33.5	692	282	22	65	650	18	637	1.83e-62	215
Cre05.g234000.t1.1	tr|A8J0Y0|A8J0Y0_CHLRE	75.4	69	1	1	151	219	216	268	3.92e-26	98.6
Cre05.g233850.t1.1	tr|D8U3E6|D8U3E6_VOLCA	33.2	889	362	21	9	852	2	703	8.66e-85	296
Cre05.g234645.t1.1	tr|A0A2K3DSM2|A0A2K3DSM2_CHLRE	100	3208	0	0	1	3208	1	3208	0.0	3732
Cre05.g246552.t1.1	tr|A0A7S0N7F3|A0A7S0N7F3_9CHLO	36.6	276	152	6	169	438	269	527	5.77e-39	149
Cre05.g248050.t1.1	tr|A0A7S0YJX0|A0A7S0YJX0_9CHLO	59.0	100	38	3	4	101	3	101	1.15e-21	96.3
Cre05.g245450.t1.2	tr|A0A150FV79|A0A150FV79_GONPE	74.3	342	53	1	60	401	8	314	6.72e-146	413
Cre05.g236216.t1.1	tr|A0A835XJ08|A0A835XJ08_9CHLO	26.4	341	196	12	1100	1423	2698	3000	3.72e-16	81.6
Cre05.g234663.t1.1	tr|D8TL05|D8TL05_VOLCA	82.3	277	39	1	44	310	12	288	2.42e-146	457
Cre05.g230700.t1.2	tr|A0A2K3DS38|A0A2K3DS38_CHLRE	100	638	0	0	1	638	1	638	0.0	1168
Cre05.g237650.t1.1	tr|D8UKQ1|D8UKQ1_VOLCA	38.6	1250	633	21	90	1242	5	1216	2.04e-65	239
Cre05.g237650.t2.1	tr|D8UKQ1|D8UKQ1_VOLCA	38.5	1251	631	23	90	1241	5	1216	1.47e-64	236
Cre05.g233550.t1.1	tr|A0A2K3DZY1|A0A2K3DZY1_CHLRE	37.2	443	172	8	1303	1662	1207	1626	5.76e-59	221
Cre05.g234642.t1.1	tr|A0A2J8A3M6|A0A2J8A3M6_9CHLO	26.5	570	277	15	112	629	166	645	2.14e-26	110
Cre05.g244150.t1.1	tr|A0A2K3DS38|A0A2K3DS38_CHLRE	33.3	586	273	19	66	569	16	565	1.10e-52	189
Cre05.g238724.t1.1	tr|A8J0Y0|A8J0Y0_CHLRE	75.0	68	1	1	1	68	217	268	9.01e-28	97.1
Cre05.g236250.t1.1	tr|A0A2J7ZSA6|A0A2J7ZSA6_9CHLO	24.6	317	143	9	486	801	595	816	3.73e-15	78.2
Cre05.g245351.t1.1	tr|A0A836BS50|A0A836BS50_9CHLO	40.6	2774	1405	53	6	2680	5160	7790	0.0	1906
Cre05.g235102.t1.1	tr|A0A2J7ZU46|A0A2J7ZU46_9CHLO	30.1	611	352	16	286	869	11	573	9.15e-39	152
Cre05.g241631.t1.1	tr|A0A2J8A6I1|A0A2J8A6I1_9CHLO	59.6	52	19	2	1158	1208	775	825	5.45e-11	63.2
Cre05.g245451.t1.1	tr|A0A835W8I9|A0A835W8I9_CHLIN	35.2	213	124	7	213	418	83	288	1.37e-24	101
Cre05.g233551.t1.1	tr|A0A836B310|A0A836B310_CHLIN	40.5	79	47	0	17	95	64	142	1.94e-16	82.8
Cre05.g238000.t1.2	tr|A0A150FUH5|A0A150FUH5_GONPE	32.5	329	147	7	112	420	129	402	1.18e-36	138
Cre05.g233100.t1.2	tr|A0A835XQ81|A0A835XQ81_9CHLO	56.2	962	365	19	1	942	1	926	4.35e-300	861
Cre05.g233100.t2.1	tr|A0A835XQ81|A0A835XQ81_9CHLO	56.2	962	365	19	1	942	1	926	4.35e-300	861
Cre05.g238900.t1.1	tr|A0A835SZ11|A0A835SZ11_CHLIN	32.9	435	268	8	239	666	679	1096	3.88e-61	220
Cre05.g245700.t1.1	tr|A0A835WDN6|A0A835WDN6_CHLIN	37.0	540	210	15	142	647	58	501	6.10e-69	251
Cre05.g236350.t1.1	tr|A0A150GII8|A0A150GII8_GONPE	27.9	458	237	19	29	456	19	413	1.70e-14	72.8
Cre05.g236550.t1.2	tr|A0A150GII8|A0A150GII8_GONPE	28.2	457	243	17	30	463	19	413	3.02e-14	72.0
Cre05.g245100.t1.1	tr|A0A835WLJ1|A0A835WLJ1_9CHLO	42.1	126	62	5	13	133	2	121	2.22e-13	70.9
Cre05.g244250.t1.2	tr|A0A7S0R3Y7|A0A7S0R3Y7_9CHLO	33.8	1716	1031	33	2646	4308	2	1665	1.91e-265	852
Cre05.g246150.t1.1	tr|A0A835T9S6|A0A835T9S6_CHLIN	64.5	321	78	2	2645	2965	1307	1591	4.18e-116	408
Cre05.g232500.t1.1	tr|A0A835TM70|A0A835TM70_9CHLO	40.2	1420	598	22	46	1423	50	1260	3.43e-311	954
Cre05.g232500.t2.1	tr|A0A835TM70|A0A835TM70_9CHLO	40.3	1419	591	22	46	1416	50	1260	7.72e-311	953
Cre15.g639000.t1.2	tr|A0A835YBL2|A0A835YBL2_9CHLO	33.4	680	380	19	211	861	153	788	8.96e-49	185
Cre15.g639802.t1.1	tr|A0A835YBL2|A0A835YBL2_9CHLO	34.7	665	285	20	4	561	166	788	1.32e-66	233
Cre15.g639304.t1.2	tr|A0A835YBL2|A0A835YBL2_9CHLO	46.0	328	139	10	390	693	472	785	3.46e-52	195
Cre15.g635900.t1.1	tr|A0A2K3DS38|A0A2K3DS38_CHLRE	27.2	721	340	22	64	695	12	636	3.66e-27	113
Cre15.g643550.t1.2	tr|A0A250X806|A0A250X806_9CHLO	94.5	291	16	0	6	296	3	293	7.71e-195	532
Cre15.g638304.t1.1	tr|A0A835YBL2|A0A835YBL2_9CHLO	41.6	541	221	17	284	801	320	788	1.12e-72	258
Cre15.g638300.t1.1	tr|A0A835YBL2|A0A835YBL2_9CHLO	36.2	713	344	23	219	863	153	822	1.91e-68	245
Cre15.g636300.t1.2	tr|A0A7S3R9P1|A0A7S3R9P1_DUNTE	61.9	268	95	5	13	276	3	267	2.67e-112	322
Cre15.g636700.t1.1	tr|A0A2K3DS38|A0A2K3DS38_CHLRE	30.9	511	196	14	34	492	17	422	5.77e-41	153
Cre15.g635993.t1.2	tr|A0A2K3DS38|A0A2K3DS38_CHLRE	37.3	252	94	3	66	317	17	204	7.55e-28	115
Cre15.g638956.t1.1	tr|A0A835YBL2|A0A835YBL2_9CHLO	41.1	513	214	13	295	785	342	788	1.58e-67	243
Cre15.g638150.t1.1	tr|A0A835YBL2|A0A835YBL2_9CHLO	37.8	667	321	21	206	809	153	788	2.94e-72	256
Cre15.g638750.t1.2	tr|A0A835YBL2|A0A835YBL2_9CHLO	39.0	328	166	10	561	866	473	788	3.21e-36	145
Cre15.g638450.t1.2	tr|A0A835YBL2|A0A835YBL2_9CHLO	32.1	692	294	18	107	695	169	787	2.08e-53	196
Cre15.g638950.t1.1	tr|A0A835YBL2|A0A835YBL2_9CHLO	32.6	712	297	17	212	816	153	788	5.01e-57	210
Cre15.g643503.t1.1	tr|A0A2K3CW68|A0A2K3CW68_CHLRE	35.0	197	103	7	936	1114	2319	2508	6.67e-24	107
Cre15.g643503.t2.1	tr|A0A2K3CW68|A0A2K3CW68_CHLRE	34.4	209	112	7	875	1065	2307	2508	4.44e-25	111
Cre15.g639700.t1.1	tr|A0A835YBL2|A0A835YBL2_9CHLO	32.3	702	304	17	82	683	158	788	3.74e-61	220
Cre15.g639650.t1.1	tr|A0A835YBL2|A0A835YBL2_9CHLO	39.4	411	205	11	258	647	401	788	1.11e-52	194
Cre15.g634800.t1.1	tr|A0A835YBL2|A0A835YBL2_9CHLO	44.8	134	51	4	840	969	500	614	1.86e-14	74.7
Cre15.g635700.t1.1	tr|A0A836BR11|A0A836BR11_9CHLO	49.2	244	104	6	887	1130	627	850	4.96e-55	205
Cre15.g639950.t1.1	tr|A0A2K3DS38|A0A2K3DS38_CHLRE	28.7	759	327	16	59	741	15	635	1.12e-44	168
Cre15.g638100.t1.1	tr|A0A835YBL2|A0A835YBL2_9CHLO	36.0	714	265	20	98	699	155	788	3.48e-74	260
Cre15.g635067.t1.1	tr|A0A2J7ZY51|A0A2J7ZY51_9CHLO	59.3	442	162	3	2	443	3	426	5.23e-169	523
Cre15.g641100.t1.1	tr|A0A2K3CWU5|A0A2K3CWU5_CHLRE	100	1857	0	0	1	1857	1	1857	0.0	1984
Cre15.g638700.t1.1	tr|A0A835YBL2|A0A835YBL2_9CHLO	41.3	540	224	18	183	700	320	788	6.24e-67	240
Cre15.g635998.t1.1	tr|A0A2K3DS38|A0A2K3DS38_CHLRE	35.3	434	202	10	22	398	11	422	8.85e-47	174
Cre15.g634701.t1.1	tr|A0A250WWQ3|A0A250WWQ3_9CHLO	33.3	828	291	16	1995	2723	1513	2178	1.51e-82	300
Cre15.g639800.t1.1	tr|A0A835YBL2|A0A835YBL2_9CHLO	34.7	665	285	20	4	561	166	788	1.08e-67	236
Cre15.g638651.t1.1	tr|A0A835YBL2|A0A835YBL2_9CHLO	35.7	715	277	19	183	790	150	788	2.94e-71	254
Cre15.g643389.t1.1	tr|A0A2K3DS38|A0A2K3DS38_CHLRE	34.3	178	98	4	74	240	23	192	2.32e-14	72.8
Cre15.g643500.t1.1	tr|D8UC66|D8UC66_VOLCA	28.9	249	123	11	44	258	53	281	2.35e-14	72.0
Cre15.g638401.t1.1	tr|A0A835YBL2|A0A835YBL2_9CHLO	35.6	710	278	20	199	803	153	788	1.37e-70	251
Cre15.g640651.t1.1	tr|A0A2K3DS38|A0A2K3DS38_CHLRE	33.9	177	94	4	22	184	16	183	3.52e-15	76.6
Cre15.g639500.t1.2	tr|A0A2K3DS38|A0A2K3DS38_CHLRE	36.5	654	289	20	67	629	15	633	1.32e-77	256
Cre15.g641950.t1.1	tr|D8UA57|D8UA57_VOLCA	44.3	194	52	2	12	205	8	145	1.43e-33	139
Cre15.g638000.t1.1	tr|A0A835YBL2|A0A835YBL2_9CHLO	34.8	679	372	19	211	861	153	788	1.02e-63	231
Cre15.g639308.t1.2	tr|A0A835YBL2|A0A835YBL2_9CHLO	33.1	679	379	19	196	844	155	788	1.72e-51	194
Cre15.g639056.t1.1	tr|A0A835WSD2|A0A835WSD2_9CHLO	43.4	122	61	3	763	884	555	668	4.97e-17	83.6
Cre15.g635250.t1.1	tr|A0A2K3DS38|A0A2K3DS38_CHLRE	32.9	599	264	22	6	506	78	636	5.58e-34	132
Cre15.g638050.t1.1	tr|A0A835YBL2|A0A835YBL2_9CHLO	35.2	711	276	19	210	812	154	787	3.41e-67	241
Cre15.g640350.t1.2	tr|A0A835YBL2|A0A835YBL2_9CHLO	35.5	647	330	20	148	734	169	788	3.00e-54	200
Cre15.g637850.t1.1	tr|A0A835YBL2|A0A835YBL2_9CHLO	33.7	709	290	17	122	721	151	788	2.11e-74	259
Cre15.g636350.t1.1	tr|A0A2K3DS38|A0A2K3DS38_CHLRE	35.3	546	292	16	50	542	28	565	1.00e-56	200
Cre15.g639379.t1.2	tr|A0A835VQW0|A0A835VQW0_9CHLO	46.6	103	42	2	11	113	31	120	7.78e-22	85.5
Cre15.g643700.t1.1	tr|A0A2K3DED8|A0A2K3DED8_CHLRE	57.7	71	30	0	1261	1331	510	580	1.37e-18	88.6
Cre15.g637350.t1.2	tr|A0A835WC66|A0A835WC66_CHLIN	49.4	156	77	1	236	391	1910	2063	3.39e-40	149
Cre15.g634600.t1.1	tr|A0A2K3CWC1|A0A2K3CWC1_CHLRE	100	2719	0	0	1	2719	1	2719	0.0	2970
Cre15.g639900.t1.1	tr|A0A2K3DS38|A0A2K3DS38_CHLRE	54.3	188	63	5	61	237	17	192	3.29e-43	163
Cre15.g639750.t1.1	tr|A0A835YBL2|A0A835YBL2_9CHLO	34.5	673	292	20	82	647	158	788	8.93e-68	239
Cre15.g640150.t1.1	tr|A0A2K3DS38|A0A2K3DS38_CHLRE	37.0	362	192	7	60	407	15	354	1.07e-43	164
Cre15.g636004.t1.2	tr|A0A2K3DS38|A0A2K3DS38_CHLRE	34.5	470	221	14	65	469	15	462	3.14e-49	182
Cre15.g639150.t1.1	tr|A0A835VNQ6|A0A835VNQ6_CHLIN	79.2	934	139	6	1	932	1	881	0.0	1100
Cre15.g639150.t2.1	tr|A0A835VNQ6|A0A835VNQ6_CHLIN	80.0	930	135	5	1	928	1	881	0.0	1115
Cre15.g639503.t1.1	tr|A0A2K3DZY1|A0A2K3DZY1_CHLRE	30.4	490	198	9	1447	1894	1234	1622	9.28e-45	175
Cre15.g640200.t1.1	tr|D8UIF1|D8UIF1_VOLCA	81.5	124	21	1	1	124	1	122	4.48e-62	201
Cre15.g638650.t1.1	tr|A0A835YBL2|A0A835YBL2_9CHLO	34.6	713	278	19	184	787	155	788	1.95e-67	243
Cre15.g640152.t1.2	tr|A0A2K3DS38|A0A2K3DS38_CHLRE	38.4	393	170	11	8	382	46	384	8.17e-42	159
Cre15.g639134.t1.2	tr|A0A2K3DS38|A0A2K3DS38_CHLRE	28.2	478	195	18	196	597	229	634	8.40e-17	80.1
Cre15.g638550.t1.1	tr|A0A835YBL2|A0A835YBL2_9CHLO	35.2	713	278	18	175	780	153	788	1.78e-72	258
Cre15.g640100.t1.2	tr|A0A2K3DS38|A0A2K3DS38_CHLRE	35.2	693	254	20	63	631	14	635	1.15e-73	248
Cre15.g638954.t1.1	tr|A0A835YBL2|A0A835YBL2_9CHLO	34.4	715	286	18	514	1121	150	788	7.22e-65	237
Cre15.g638954.t2.1	tr|A0A835YBL2|A0A835YBL2_9CHLO	34.4	715	286	18	514	1121	150	788	7.22e-65	237
Cre15.g638303.t1.1	tr|A0A835YBL2|A0A835YBL2_9CHLO	35.5	674	327	20	142	746	153	787	3.23e-62	226
Cre15.g640400.t1.1	tr|A0A835YBL2|A0A835YBL2_9CHLO	35.0	608	306	18	191	733	210	793	1.87e-58	213
Cre15.g640450.t1.2	tr|A0A835YBL2|A0A835YBL2_9CHLO	33.6	554	270	15	215	744	320	799	6.71e-47	177
Cre15.g635300.t1.1	tr|A0A2K3DS38|A0A2K3DS38_CHLRE	32.3	657	300	16	64	684	18	565	1.75e-53	192
Cre15.g635000.t1.1	tr|A0A836C725|A0A836C725_9CHLO	31.5	337	181	4	1949	2283	762	1050	1.00e-27	120
Cre25.g756247.t1.1	tr|A0A7S0RF59|A0A7S0RF59_9CHLO	32.4	324	188	8	336	647	12	316	4.32e-36	136
Cre25.g756397.t1.1	tr|A0A2J7ZU46|A0A2J7ZU46_9CHLO	34.2	316	175	8	585	896	287	573	1.47e-34	139
Cre25.g756397.t2.1	tr|A0A2J7ZU46|A0A2J7ZU46_9CHLO	34.2	316	175	8	136	447	287	573	9.05e-35	139
Cre25.g756097.t1.1	tr|A0A7S0RF59|A0A7S0RF59_9CHLO	35.1	242	144	3	119	360	12	240	3.51e-33	128
Cre13.g587550.t1.1	tr|A0A835TM70|A0A835TM70_9CHLO	76.3	2387	476	23	3	2340	2	2347	0.0	3283
Cre13.g587550.t2.1	tr|A0A835TM70|A0A835TM70_9CHLO	76.6	2376	476	23	3	2329	2	2347	0.0	3289
Cre13.g586916.t1.1	tr|A0A835WJ60|A0A835WJ60_9CHLO	45.2	93	51	0	44	136	23	115	1.95e-22	90.5
Cre13.g568050.t1.1	tr|A0A7R9VP35|A0A7R9VP35_9CHLO	46.8	111	55	3	214	324	153	259	3.85e-19	84.7
Cre13.g563550.t1.1	tr|D8UGL3|D8UGL3_VOLCA	60.2	118	31	1	470	587	407	508	7.30e-36	142
Cre13.g590300.t1.1	tr|A0A835XZD2|A0A835XZD2_9CHLO	73.6	450	60	3	66	456	1	450	9.42e-204	581
Cre13.g602950.t1.1	tr|A0A250XEE9|A0A250XEE9_9CHLO	33.0	667	239	8	262	799	376	963	2.15e-82	289
Cre13.g602950.t2.1	tr|A0A250XEE9|A0A250XEE9_9CHLO	33.0	667	239	8	262	799	376	963	2.15e-82	289
Cre13.g567750.t1.2	tr|A0A2K3CZE8|A0A2K3CZE8_CHLRE	100	480	0	0	1	480	1	480	2.35e-287	781
Cre13.g590251.t1.1	tr|A0A835TDS7|A0A835TDS7_9CHLO	39.2	469	219	14	1	431	1306	1746	1.33e-90	303
Cre13.g567550.t1.1	tr|A0A250X6G6|A0A250X6G6_9CHLO	37.8	259	156	3	2	257	7	263	1.18e-58	207
Cre13.g567550.t2.1	tr|A0A250X6G6|A0A250X6G6_9CHLO	37.8	259	156	3	2	257	7	263	1.15e-58	207
Cre13.g569550.t1.1	tr|A0A835SYI3|A0A835SYI3_CHLIN	31.4	1404	633	47	1012	2275	2853	4066	3.23e-94	341
Cre13.g586650.t1.1	tr|A0A835TM70|A0A835TM70_9CHLO	69.2	2367	582	33	1	2250	1	2337	0.0	2924
Cre13.g563733.t1.1	tr|A0A7R9VMI2|A0A7R9VMI2_9CHLO	70.7	184	53	1	267	449	23	206	4.37e-89	267
Cre13.g563733.t2.1	tr|A0A7R9VMI2|A0A7R9VMI2_9CHLO	70.7	184	53	1	266	448	23	206	4.24e-89	267
Cre13.g584600.t1.1	tr|A0A835TS68|A0A835TS68_CHLIN	40.6	948	435	30	2	879	76	965	9.21e-83	283
Cre13.g570350.t1.1	tr|A0A7S0N7F3|A0A7S0N7F3_9CHLO	78.4	656	130	5	157	801	150	804	0.0	978
Cre13.g570350.t2.1	tr|A0A7S0N7F3|A0A7S0N7F3_9CHLO	78.4	656	130	5	153	797	150	804	0.0	978
Cre13.g607150.t1.1	tr|A0A150GRG7|A0A150GRG7_GONPE	38.8	242	89	3	1602	1829	174	370	2.46e-41	155
Cre13.g574250.t1.1	tr|A0A835YDE0|A0A835YDE0_9CHLO	65.1	780	244	6	143	912	627	1388	0.0	963
Cre13.g592150.t1.2	tr|A0A835SZ11|A0A835SZ11_CHLIN	43.9	410	206	5	476	881	679	1068	2.59e-95	324
Cre13.g604350.t1.1	tr|A0A836BR11|A0A836BR11_9CHLO	53.1	294	113	3	837	1127	573	844	3.70e-77	273
Cre13.g604350.t2.1	tr|A0A836BR11|A0A836BR11_9CHLO	53.1	294	113	3	837	1127	573	844	3.70e-77	273
Cre13.g590225.t1.1	tr|A0A835TDS7|A0A835TDS7_9CHLO	51.9	351	166	3	1	350	794	1142	5.45e-111	351
Cre13.g590225.t2.1	tr|A0A835TDS7|A0A835TDS7_9CHLO	51.9	351	166	3	1	350	794	1142	5.45e-111	351
Cre13.g586700.t1.1	tr|A0A835TM70|A0A835TM70_9CHLO	65.8	2281	626	28	1	2174	103	2336	0.0	2680
Cre13.g586700.t2.1	tr|A0A835TM70|A0A835TM70_9CHLO	65.8	2281	626	28	1	2174	103	2336	0.0	2680
Cre13.g574400.t1.1	tr|A0A835YBW2|A0A835YBW2_9CHLO	58.7	254	96	4	3152	3399	2035	2285	4.64e-68	253
Cre13.g586150.t1.1	tr|A0A835WTM9|A0A835WTM9_9CHLO	34.2	688	312	23	1	603	1	632	3.34e-55	202
Cre13.g575650.t1.1	tr|A0A2K3DFR1|A0A2K3DFR1_CHLRE	33.5	221	123	8	15	232	2	201	1.78e-25	106
Cre13.g562700.t1.1	tr|A8J0Y0|A8J0Y0_CHLRE	77.1	70	0	1	419	488	215	268	3.34e-26	103
Cre13.g564350.t1.2	tr|A0A250WWL2|A0A250WWL2_9CHLO	40.4	230	128	2	4022	4249	2776	2998	2.59e-43	172
Cre13.g564350.t2.1	tr|A0A250WWL2|A0A250WWL2_9CHLO	40.4	230	128	2	3997	4224	2776	2998	2.57e-43	172
Cre13.g591600.t1.1	tr|A0A835T0V6|A0A835T0V6_9CHLO	59.2	206	75	5	774	972	1712	1915	1.05e-60	224
Cre13.g582350.t1.1	tr|A0A7S3R371|A0A7S3R371_DUNTE	44.0	84	46	1	125	207	110	193	3.52e-13	67.8
Cre13.g563300.t1.1	tr|A0A835YDE0|A0A835YDE0_9CHLO	30.5	259	124	2	1144	1402	1176	1378	1.27e-29	124
Cre13.g603800.t1.1	tr|A0A2K3DS38|A0A2K3DS38_CHLRE	43.7	158	73	3	77	224	16	167	6.24e-25	106
Cre13.g584551.t1.1	tr|A0A835TS68|A0A835TS68_CHLIN	41.5	946	434	30	7	912	86	952	1.09e-90	306
Cre13.g606750.t1.1	tr|A0A835W2N5|A0A835W2N5_9CHLO	26.7	570	320	14	2302	2806	1824	2360	1.09e-36	150
Cre13.g607300.t1.2	tr|A0A2K3DFR1|A0A2K3DFR1_CHLRE	28.8	299	169	8	10	306	1	257	4.13e-29	117
Cre13.g606250.t1.1	tr|A0A835T0V6|A0A835T0V6_9CHLO	48.8	246	80	6	766	1006	1711	1915	2.80e-54	203
Cre13.g566350.t1.1	tr|A0A2K3DZY1|A0A2K3DZY1_CHLRE	37.3	316	92	6	1762	2076	1413	1623	2.32e-46	181
Cre13.g584619.t1.2	tr|A0A835TS68|A0A835TS68_CHLIN	33.8	957	426	23	2	828	76	954	3.97e-63	226
Cre13.g591050.t1.2	tr|A0A835TQ75|A0A835TQ75_CHLIN	56.7	2000	587	35	19	1898	2134	3973	2.71e-122	427
Cre13.g565290.t1.1	tr|A8J0Y0|A8J0Y0_CHLRE	75.0	68	1	1	1	68	217	268	9.01e-28	97.1
Cre13.g580050.t1.2	tr|A0A7S0X0W8|A0A7S0X0W8_9CHLO	38.9	190	104	4	87	265	205	393	2.57e-37	140
Cre13.g580050.t2.1	tr|A0A7S0X0W8|A0A7S0X0W8_9CHLO	38.9	190	104	4	87	265	205	393	2.57e-37	140
Cre13.g576600.t1.2	tr|A0A835XJ08|A0A835XJ08_9CHLO	27.7	289	163	9	1016	1298	2685	2933	2.07e-18	89.7
Cre13.g562650.t1.1	tr|A0A2K3CZ19|A0A2K3CZ19_CHLRE	100	1556	0	0	1	1556	1	1556	0.0	1708
Cre13.g607100.t1.2	tr|A0A835SUQ0|A0A835SUQ0_CHLIN	26.9	1027	427	27	216	1198	196	942	3.12e-40	161
Cre13.g603600.t1.1	tr|A0A836BR11|A0A836BR11_9CHLO	50.3	294	119	3	820	1110	575	844	2.56e-75	266
Cre13.g606600.t1.1	tr|A0A2K3DFR1|A0A2K3DFR1_CHLRE	37.1	159	78	6	397	547	110	254	5.17e-14	73.6
Cre13.g584901.t1.1	tr|A0A7S0RM22|A0A7S0RM22_9CHLO	44.1	143	59	3	207	347	2	125	5.47e-29	108
Cre13.g601519.t1.1	tr|A0A2J7ZU46|A0A2J7ZU46_9CHLO	30.4	611	350	17	1824	2407	11	573	1.56e-39	155
Cre13.g577201.t1.1	tr|A0A2J7ZU46|A0A2J7ZU46_9CHLO	32.5	311	187	9	494	784	8	315	2.17e-26	111
Cre13.g574150.t1.1	tr|A0A835WAE7|A0A835WAE7_CHLIN	83.0	382	54	2	125	506	1	371	2.16e-223	616
Cre13.g588405.t1.2	tr|D8UC66|D8UC66_VOLCA	69.1	269	72	4	84	343	15	281	8.14e-117	347
Cre13.g588405.t2.1	tr|D8UC66|D8UC66_VOLCA	69.1	269	72	4	84	343	15	281	1.09e-117	347
Cre13.g606000.t1.2	tr|A0A345K516|A0A345K516_9CHLO	28.6	301	169	11	109	389	14	288	1.38e-16	79.0
Cre13.g591300.t1.1	tr|A0A836BUT8|A0A836BUT8_9CHLO	50.4	240	119	0	4588	4827	3686	3925	1.18e-60	230
Cre13.g581850.t1.2	tr|A0A7S0N7F3|A0A7S0N7F3_9CHLO	32.7	434	250	9	129	523	248	678	1.12e-56	202
Cre13.g577650.t1.1	tr|A0A835WLJ1|A0A835WLJ1_9CHLO	40.2	122	64	3	79	199	2	115	4.57e-14	73.2
Cre13.g605200.t1.1	tr|D8UIL6|D8UIL6_VOLCA	27.4	420	238	17	334	711	164	558	2.50e-26	110
Cre13.g605200.t2.1	tr|D8UIL6|D8UIL6_VOLCA	27.4	420	238	17	334	711	164	558	2.50e-26	110
Cre13.g592000.t1.2	tr|A0A835SCQ1|A0A835SCQ1_CHLIN	34.4	270	171	4	1044	1311	43	308	1.81e-39	155
Cre13.g568650.t1.2	tr|K0J970|K0J970_9CHLO	83.3	245	41	0	1	245	1	245	5.84e-150	416
Cre13.g584050.t1.2	tr|A8J0Y0|A8J0Y0_CHLRE	75.7	70	1	1	157	226	215	268	3.25e-27	101
Cre13.g605000.t1.1	tr|A0A2K3DZY1|A0A2K3DZY1_CHLRE	44.2	226	111	4	1580	1801	1415	1629	1.00e-39	158
Cre13.g572050.t1.1	tr|A0A250XDT9|A0A250XDT9_9CHLO	31.3	2297	1182	53	1371	3518	1485	3520	5.17e-169	588
Cre13.g564151.t1.1	tr|A0A835Y0L8|A0A835Y0L8_9CHLO	29.4	2513	942	49	160	2074	162	2439	2.05e-189	639
Cre13.g566200.t1.2	tr|A0A7S0RNC3|A0A7S0RNC3_9CHLO	55.7	122	53	1	20	140	44	165	3.52e-38	147
Cre13.g580800.t1.1	tr|A0A2K3DS38|A0A2K3DS38_CHLRE	33.5	164	84	4	2	155	29	177	4.79e-12	65.1
Cre13.g579250.t1.2	tr|A0A835T7K8|A0A835T7K8_CHLIN	31.2	429	201	12	331	719	338	712	5.27e-16	79.3
Cre13.g578100.t1.1	tr|A0A250WZS5|A0A250WZS5_9CHLO	35.1	2476	1138	60	1	2277	1	2205	0.0	1089
Cre13.g604050.t1.2	tr|A0A835Y0L8|A0A835Y0L8_9CHLO	37.0	430	215	9	2797	3205	2074	2468	9.03e-55	209
Cre13.g562475.t1.1	tr|A0A250XCT8|A0A250XCT8_9CHLO	70.7	280	81	1	1	279	1	280	1.34e-146	409
Cre13.g591100.t1.1	tr|A0A835Y2D4|A0A835Y2D4_9CHLO	56.1	1283	385	22	1132	2354	832	1996	5.85e-203	667
Cre13.g584100.t1.1	tr|A0A2K3DZY1|A0A2K3DZY1_CHLRE	33.8	470	255	9	771	1204	1174	1623	4.18e-60	223
Cre13.g569450.t1.1	tr|A0A150G3T9|A0A150G3T9_GONPE	31.9	279	126	8	291	542	299	540	4.70e-29	121
Cre13.g585950.t1.2	tr|A0A835WTM9|A0A835WTM9_9CHLO	49.1	230	83	7	207	411	1	221	1.39e-42	165
Cre13.g568400.t1.2	tr|A0A7S0X0W8|A0A7S0X0W8_9CHLO	33.5	236	132	8	252	468	202	431	1.01e-23	102
Cre13.g565200.t1.1	tr|A0A836BR11|A0A836BR11_9CHLO	54.9	293	108	6	643	928	575	850	3.00e-76	270
Cre13.g577400.t1.1	tr|A0A7S0RCE8|A0A7S0RCE8_9CHLO	32.2	422	236	16	83	483	222	614	1.34e-38	148
Cre13.g582150.t1.2	tr|A0A835VQW0|A0A835VQW0_9CHLO	44.2	165	73	4	21	173	34	191	2.99e-23	101
Cre13.g568176.t1.1	tr|A0A835WAP5|A0A835WAP5_CHLIN	69.2	120	35	2	10	129	10	127	6.37e-37	145
Cre13.g591073.t1.2	tr|A0A835TQ75|A0A835TQ75_CHLIN	76.5	400	80	3	1898	2294	1707	2095	9.62e-57	215
Cre13.g579650.t1.1	tr|A0A150G2W1|A0A150G2W1_GONPE	50.0	176	82	4	1593	1767	1157	1327	9.36e-44	171
Cre13.g566650.t1.2	tr|A0A835Y416|A0A835Y416_9CHLO	24.9	366	189	11	223	556	394	705	1.74e-12	67.4
Cre13.g566650.t2.1	tr|A0A835Y416|A0A835Y416_9CHLO	24.9	366	189	11	223	556	394	705	1.68e-12	67.4
Cre13.g583217.t1.1	tr|A0A835WA23|A0A835WA23_CHLIN	72.9	199	49	1	69	262	229	427	1.52e-82	250
Cre13.g586500.t1.2	tr|A0A835XQ81|A0A835XQ81_9CHLO	33.8	394	217	11	26	417	424	775	1.36e-43	169
Cre13.g583200.t1.2	tr|A0A835WA23|A0A835WA23_CHLIN	63.5	230	67	4	1	219	1	224	6.55e-68	211
Cre13.g583861.t1.1	tr|A0A2J7ZU46|A0A2J7ZU46_9CHLO	30.2	298	171	7	809	1080	8	294	3.01e-23	102
Cre13.g574300.t1.1	tr|A0A835YDE0|A0A835YDE0_9CHLO	61.2	943	298	13	58	942	624	1556	0.0	1056
Cre13.g564800.t1.1	tr|A0A150GRG7|A0A150GRG7_GONPE	41.6	197	94	4	600	781	176	366	5.83e-35	136
Cre13.g577050.t1.1	tr|A0A7S0RCE8|A0A7S0RCE8_9CHLO	30.7	420	237	15	118	514	226	614	2.66e-38	147
Cre13.g603350.t1.1	tr|A0A835T9S6|A0A835T9S6_CHLIN	40.0	415	121	6	1962	2375	1306	1593	2.06e-73	269
Cre13.g567200.t1.1	tr|A0A836BR11|A0A836BR11_9CHLO	53.9	282	119	3	909	1180	575	855	5.92e-82	287
Cre13.g567200.t2.1	tr|A0A836BR11|A0A836BR11_9CHLO	53.9	282	119	3	909	1180	575	855	5.92e-82	287
Cre13.g571580.t1.1	tr|A8J0Y0|A8J0Y0_CHLRE	75.0	68	1	1	1	68	217	268	9.01e-28	97.1
Cre13.g574350.t1.2	tr|A0A835YDE0|A0A835YDE0_9CHLO	69.5	778	210	10	146	906	619	1386	0.0	988
Cre13.g570000.t1.2	tr|A0A699Z2R0|A0A699Z2R0_HAELA	92.9	42	3	0	62	103	78	119	6.15e-23	82.4
Cre13.g570000.t2.1	tr|A0A699Z2R0|A0A699Z2R0_HAELA	92.9	42	3	0	62	103	78	119	6.15e-23	82.4
Cre13.g568450.t1.1	tr|A0A836B760|A0A836B760_9CHLO	38.2	398	201	7	10	368	23	414	2.09e-63	236
Cre13.g605900.t1.1	tr|A0A835YHW2|A0A835YHW2_9CHLO	28.3	2547	1245	76	710	3015	501	2706	1.52e-146	511
Cre13.g607200.t1.1	tr|A0A150GRG7|A0A150GRG7_GONPE	39.3	242	88	4	916	1143	174	370	4.32e-41	154
Cre13.g573650.t1.1	tr|A0A835WJ60|A0A835WJ60_9CHLO	44.7	85	47	0	21	105	31	115	1.55e-20	86.3
Cre13.g579734.t1.1	tr|A0A836BPY0|A0A836BPY0_9CHLO	73.8	817	182	10	96	902	1	795	0.0	1143
Cre13.g588600.t1.1	tr|A0A835XQ81|A0A835XQ81_9CHLO	36.7	346	187	11	22	358	424	746	1.30e-42	166
Cre13.g606450.t1.2	tr|A8J0Y0|A8J0Y0_CHLRE	75.7	70	1	1	80	149	215	268	3.17e-28	101
Cre13.g589500.t1.1	tr|A0A835YDE0|A0A835YDE0_9CHLO	33.2	473	176	12	784	1255	1044	1377	3.70e-60	224
Cre13.g566450.t1.2	tr|A0A835YDE0|A0A835YDE0_9CHLO	28.4	324	212	9	186	499	1052	1365	8.97e-36	139
Cre13.g570300.t1.2	tr|A0A7S3VLF3|A0A7S3VLF3_DUNTE	37.7	154	91	2	3	156	2	150	7.02e-27	102
Cre13.g565850.t1.1	tr|A0A150GIU9|A0A150GIU9_GONPE	80.0	95	12	1	313	407	16	103	9.84e-44	150
Cre13.g571700.t1.1	tr|A0A150GBS0|A0A150GBS0_GONPE	28.8	527	249	11	59	502	258	741	3.74e-54	193
Cre13.g565260.t1.1	tr|A0A7S0N7F3|A0A7S0N7F3_9CHLO	31.7	448	235	8	219	629	263	676	2.50e-54	199
Cre13.g574200.t1.1	tr|A0A835YDE0|A0A835YDE0_9CHLO	86.7	354	46	1	268	620	196	549	5.21e-207	621
Cre13.g605850.t1.1	tr|A0A835YHW2|A0A835YHW2_9CHLO	29.1	2544	1214	80	790	3111	501	2676	5.15e-152	529
Cre02.g117813.t1.2	tr|A0A835YDE0|A0A835YDE0_9CHLO	32.2	239	112	3	783	1021	1182	1370	7.96e-28	118
Cre02.g093202.t1.1	tr|A0A2J7ZU46|A0A2J7ZU46_9CHLO	30.4	421	238	11	442	839	11	399	1.02e-19	90.5
Cre02.g115450.t1.1	tr|A0A150GRG7|A0A150GRG7_GONPE	58.6	198	77	3	2754	2949	175	369	7.77e-61	213
Cre02.g073176.t1.1	tr|A8J0Y0|A8J0Y0_CHLRE	95.0	139	7	0	1	139	76	214	6.12e-87	274
Cre02.g100700.t1.1	tr|A0A835TS68|A0A835TS68_CHLIN	50.2	215	91	5	10	208	11	225	1.52e-44	169
Cre02.g085100.t1.2	tr|A0A2K3CW68|A0A2K3CW68_CHLRE	44.2	190	88	5	494	667	2319	2506	2.09e-36	145
Cre02.g146500.t1.1	tr|A0A7S0RME0|A0A7S0RME0_9CHLO	37.2	333	202	3	451	777	782	1113	1.29e-58	217
Cre02.g118300.t1.2	tr|A0A835SZ11|A0A835SZ11_CHLIN	34.0	391	238	6	111	497	698	1072	2.35e-54	199
Cre02.g099400.t1.1	tr|A0A2K3CXZ5|A0A2K3CXZ5_CHLRE	38.7	212	92	4	747	958	721	894	1.23e-31	129
Cre02.g144100.t1.2	tr|A0A7S0RCE8|A0A7S0RCE8_9CHLO	33.0	698	385	18	21	704	16	644	1.52e-109	343
Cre02.g142000.t1.2	tr|A0A7S3VLF3|A0A7S3VLF3_DUNTE	36.1	108	67	1	37	144	33	138	3.36e-21	82.8
Cre02.g095057.t1.1	tr|A8J0Y0|A8J0Y0_CHLRE	75.7	70	1	1	195	264	215	268	8.42e-27	101
Cre02.g075350.t3.1	tr|A0A250X6G6|A0A250X6G6_9CHLO	39.8	256	148	3	13	267	6	256	1.61e-56	194
Cre02.g075350.t1.2	tr|A0A250X6G6|A0A250X6G6_9CHLO	39.8	256	148	3	13	267	6	256	1.61e-56	194
Cre02.g075350.t2.1	tr|A0A250X6G6|A0A250X6G6_9CHLO	39.8	256	148	3	13	267	6	256	1.27e-56	194
Cre02.g093401.t1.1	tr|A0A2J8ADV1|A0A2J8ADV1_9CHLO	30.6	928	425	27	7	822	18	838	1.41e-51	190
Cre02.g113950.t1.1	tr|A0A835WT12|A0A835WT12_9CHLO	46.5	417	144	12	37	438	53	405	6.05e-97	294
Cre02.g095142.t1.1	tr|A0A835Y0A4|A0A835Y0A4_9CHLO	64.7	51	18	0	1626	1676	933	983	1.29e-15	79.0
Cre02.g105400.t1.1	tr|A0A836BDA1|A0A836BDA1_9CHLO	81.3	815	132	9	1	807	1	803	0.0	1146
Cre02.g101550.t1.1	tr|A0A2J7ZMF7|A0A2J7ZMF7_9CHLO	35.6	421	150	14	308	714	341	654	3.97e-44	168
Cre02.g106200.t1.2	tr|D8U306|D8U306_VOLCA	47.1	308	160	2	3	307	25	332	2.52e-88	264
Cre02.g141926.t1.1	tr|A0A250X4T6|A0A250X4T6_9CHLO	45.5	110	59	1	278	386	860	969	3.05e-23	99.8
Cre02.g141926.t2.1	tr|A0A835YDE0|A0A835YDE0_9CHLO	28.6	315	167	10	75	380	1049	1314	2.40e-23	100
Cre02.g078200.t1.1	tr|A0A835SJE7|A0A835SJE7_9CHLO	41.0	339	188	6	3	340	209	536	6.87e-68	228
Cre02.g078200.t2.1	tr|A0A835SJE7|A0A835SJE7_9CHLO	41.0	339	188	6	3	340	209	536	2.43e-68	228
Cre02.g078200.t3.1	tr|A0A835SJE7|A0A835SJE7_9CHLO	41.0	339	188	6	3	340	209	536	2.43e-68	228
Cre02.g100876.t1.1	tr|A8J0Y0|A8J0Y0_CHLRE	61.0	82	15	2	2	83	204	268	1.37e-25	92.0
Cre02.g116700.t1.2	tr|A0A150GBB4|A0A150GBB4_GONPE	31.3	364	166	15	217	545	151	465	3.69e-29	117
Cre02.g087850.t1.1	tr|A0A835SW25|A0A835SW25_CHLIN	38.8	309	135	6	517	771	1696	2004	1.57e-48	183
Cre02.g095650.t1.1	tr|A0A2J7ZYJ7|A0A2J7ZYJ7_9CHLO	49.0	196	70	3	52	235	149	326	1.34e-51	175
Cre02.g145350.t1.1	tr|A0A250WR09|A0A250WR09_9CHLO	25.1	649	396	24	21	634	6	599	3.27e-36	143
Cre02.g076663.t1.2	tr|A8J0Y0|A8J0Y0_CHLRE	76.5	68	0	1	1	68	217	268	1.17e-28	99.4
Cre02.g111150.t1.1	tr|A0A7S0RCE8|A0A7S0RCE8_9CHLO	31.4	687	389	13	14	679	14	639	2.56e-108	338
Cre02.g098450.t1.2	tr|A0A345K516|A0A345K516_9CHLO	23.7	465	253	18	35	455	13	419	2.42e-17	80.1
Cre02.g093051.t1.1	tr|A0A7S0RF59|A0A7S0RF59_9CHLO	32.0	319	196	7	215	526	12	316	1.05e-35	135
Cre02.g075150.t1.2	tr|A0A7S0WZH0|A0A7S0WZH0_9CHLO	74.0	1088	273	6	15	1096	17	1100	0.0	1611
Cre02.g075150.t2.1	tr|A0A7S0WZH0|A0A7S0WZH0_9CHLO	74.0	1088	273	6	15	1096	17	1100	0.0	1611
Cre02.g144007.t1.1	tr|A8J3V5|A8J3V5_CHLRE	43.1	58	32	1	18	74	284	341	3.16e-12	56.2
Cre02.g113600.t1.2	tr|A0A835SCQ1|A0A835SCQ1_CHLIN	38.6	277	165	2	442	717	37	309	5.00e-46	174
Cre02.g095119.t1.1	tr|A0A2J7ZS76|A0A2J7ZS76_9CHLO	67.2	58	18	1	1423	1479	2524	2581	6.09e-17	83.6
Cre02.g144010.t1.1	tr|A8J3V5|A8J3V5_CHLRE	35.7	322	176	8	229	538	33	335	7.24e-51	174
Cre02.g077600.t1.2	tr|A0A7S0VAK4|A0A7S0VAK4_9CHLO	39.6	1824	866	20	7	1792	5	1630	0.0	983
Cre02.g113900.t1.1	tr|A0A835WT12|A0A835WT12_9CHLO	72.7	396	88	6	22	407	38	423	1.09e-178	501
Cre02.g101150.t1.2	tr|A0A2J7ZMF7|A0A2J7ZMF7_9CHLO	53.8	160	70	3	730	886	744	902	5.11e-35	140
Cre02.g101150.t2.1	tr|A0A2J7ZMF7|A0A2J7ZMF7_9CHLO	53.8	160	70	3	717	873	744	902	4.88e-35	140
Cre02.g142351.t1.1	tr|A0A2K3E434|A0A2K3E434_CHLRE	100	858	0	0	1	858	1	858	0.0	1539
Cre02.g118700.t1.1	tr|A0A835SKW2|A0A835SKW2_CHLIN	50.6	247	120	1	4171	4415	4430	4676	8.42e-62	234
Cre02.g146650.t1.1	tr|A0A835SR94|A0A835SR94_CHLIN	36.8	448	202	9	55	429	4	443	1.75e-75	266
Cre02.g095124.t1.1	tr|A0A2J7ZS76|A0A2J7ZS76_9CHLO	56.5	62	26	1	1389	1450	4167	4227	1.68e-14	75.5
Cre02.g095145.t1.1	tr|A0A835VSH3|A0A835VSH3_CHLIN	78.7	249	42	4	1	248	16	254	2.09e-125	353
Cre02.g141886.t1.1	tr|A0A835YDE0|A0A835YDE0_9CHLO	37.2	145	78	5	2092	2231	1246	1382	1.44e-14	76.3
Cre02.g084500.t1.1	tr|A0A835T7K8|A0A835T7K8_CHLIN	42.8	1052	439	28	170	1175	5	939	4.83e-144	459
Cre02.g090850.t1.1	tr|A0A2J8AHR3|A0A2J8AHR3_9CHLO	50.8	177	33	4	635	786	226	373	3.54e-37	145
Cre02.g095079.t1.1	tr|A0A2J8A3M6|A0A2J8A3M6_9CHLO	25.0	567	278	16	138	650	172	645	2.89e-19	88.2
Cre02.g081950.t1.1	tr|A0A150G2W1|A0A150G2W1_GONPE	37.6	433	221	10	1334	1729	907	1327	3.23e-57	214
Cre02.g106100.t1.2	tr|A0A150G3T9|A0A150G3T9_GONPE	51.3	675	148	8	216	868	16	531	3.56e-149	488
Cre02.g141806.t1.1	tr|A0A250X4T6|A0A250X4T6_9CHLO	38.2	173	101	2	288	454	861	1033	8.79e-28	114
Cre02.g092500.t1.1	tr|A0A7S3QXL8|A0A7S3QXL8_DUNTE	35.7	434	220	13	519	899	22	449	3.73e-63	219
Cre02.g090000.t1.1	tr|A0A836C725|A0A836C725_9CHLO	28.7	540	340	13	195	709	162	681	6.98e-48	185
Cre02.g103400.t1.2	tr|A0A835W0U1|A0A835W0U1_CHLIN	74.6	1814	381	19	69	1848	3686	5453	0.0	1989
Cre02.g146400.t1.2	tr|A8J0Y0|A8J0Y0_CHLRE	100	268	0	0	1	268	1	268	2.84e-195	531
Cre02.g109501.t1.1	tr|A0A835SKW2|A0A835SKW2_CHLIN	36.9	160	69	4	79	213	4513	4665	2.78e-14	71.2
Cre02.g116950.t1.2	tr|A0A835T7L9|A0A835T7L9_CHLIN	40.4	225	124	4	113	334	1286	1503	9.45e-34	129
Cre02.g074370.t1.2	tr|A0A150GBS0|A0A150GBS0_GONPE	56.4	573	165	7	427	979	253	760	1.29e-170	555
Cre02.g104250.t1.1	tr|A0A835VZ08|A0A835VZ08_CHLIN	75.7	370	89	1	41	409	126	495	2.96e-175	588
Cre02.g099750.t1.1	tr|A0A835XJ08|A0A835XJ08_9CHLO	30.5	213	107	6	2803	2983	2779	2982	2.00e-15	79.7
Cre02.g087800.t1.1	tr|A0A835SW25|A0A835SW25_CHLIN	38.5	309	136	6	442	696	1696	2004	2.24e-48	182
Cre02.g085800.t1.1	tr|A0A836C725|A0A836C725_9CHLO	33.2	202	110	4	965	1162	750	930	4.01e-19	90.5
Cre02.g111014.t1.1	tr|A0A7S0RME0|A0A7S0RME0_9CHLO	30.0	237	139	5	65	281	878	1107	3.13e-21	97.1
Cre02.g082200.t1.1	tr|D8U4M5|D8U4M5_VOLCA	84.1	233	35	1	170	400	135	367	5.44e-128	370
Cre02.g103200.t1.1	tr|A0A835XJL6|A0A835XJL6_9CHLO	34.1	1960	990	53	145	2000	10	1771	3.21e-173	599
Cre02.g095143.t1.1	tr|A0A2J7ZS76|A0A2J7ZS76_9CHLO	56.9	51	22	0	1448	1498	4167	4217	1.52e-13	72.4
Cre02.g074300.t1.1	tr|A0A835SSG1|A0A835SSG1_CHLIN	61.8	3572	1069	66	1	3419	1	3428	0.0	2412
Cre02.g114500.t1.2	tr|A0A7S0WVG7|A0A7S0WVG7_9CHLO	31.0	168	101	6	420	577	244	406	7.87e-18	83.6
Cre02.g100450.t1.1	tr|A0A150GRG7|A0A150GRG7_GONPE	82.9	199	34	0	1772	1970	171	369	1.53e-106	345
Cre02.g113350.t1.2	tr|A0A835W3R9|A0A835W3R9_CHLIN	73.3	2010	417	31	98	2036	1	1961	0.0	2069
Cre02.g095101.t1.1	tr|A0A835SYI2|A0A835SYI2_CHLIN	46.3	108	53	2	1430	1532	390	497	7.06e-15	77.0
Cre02.g107350.t1.1	tr|A0A7S0R3Y7|A0A7S0R3Y7_9CHLO	30.9	1773	1049	31	3120	4854	1	1634	5.07e-233	757
Cre02.g114750.t1.2	tr|A0A150GBS0|A0A150GBS0_GONPE	33.7	377	182	6	37	388	248	581	1.38e-58	216
Cre02.g115600.t1.1	tr|A0A835S8U8|A0A835S8U8_CHLIN	72.8	1524	304	28	1	1477	1	1461	0.0	1613
Cre02.g095300.t1.1	tr|A0A7S0RME0|A0A7S0RME0_9CHLO	36.9	203	108	3	130	318	910	1106	3.12e-24	107
Cre02.g143900.t1.1	tr|A8J3V5|A8J3V5_CHLRE	35.7	322	176	8	119	428	33	335	7.53e-52	174
Cre02.g084950.t1.2	tr|A0A2J7ZZC2|A0A2J7ZZC2_9CHLO	34.4	189	109	6	104	281	301	485	1.23e-13	68.2
Cre02.g104650.t1.1	tr|A0A835T040|A0A835T040_CHLIN	75.6	1074	242	7	1	1064	1	1064	0.0	1179
Cre02.g104650.t2.1	tr|A0A835T040|A0A835T040_CHLIN	75.4	1073	245	7	1	1063	1	1064	0.0	1179
Cre02.g083550.t1.1	tr|A0A2J7ZYJ7|A0A2J7ZYJ7_9CHLO	33.0	218	94	7	52	257	149	326	6.81e-18	82.0
Cre02.g093550.t1.1	tr|A0A835Y443|A0A835Y443_9CHLO	34.6	437	120	4	2037	2473	631	901	9.04e-59	221
Cre02.g098550.t1.1	tr|A0A2K3CWU5|A0A2K3CWU5_CHLRE	43.5	393	130	6	578	914	679	1035	9.89e-71	255
Cre02.g110263.t1.1	tr|A8J0Y0|A8J0Y0_CHLRE	75.7	70	1	1	10	79	215	268	2.36e-29	101
Cre02.g110263.t3.1	tr|A8J0Y0|A8J0Y0_CHLRE	75.7	70	1	1	10	79	215	268	2.36e-29	101
Cre02.g110263.t2.1	tr|A8J0Y0|A8J0Y0_CHLRE	75.0	68	1	1	1	68	217	268	4.56e-28	97.8
Cre02.g117050.t1.1	tr|A0A835YGD6|A0A835YGD6_9CHLO	30.7	1076	513	34	540	1534	121	1044	1.05e-95	330
Cre02.g117050.t2.1	tr|A0A835YGD6|A0A835YGD6_9CHLO	30.6	1076	500	34	540	1520	121	1044	7.16e-96	330
Cre02.g117050.t3.1	tr|A0A835YGD6|A0A835YGD6_9CHLO	30.7	1072	500	34	540	1516	121	1044	2.81e-96	332
Cre02.g102650.t1.1	tr|A0A150GBB4|A0A150GBB4_GONPE	30.3	221	126	7	1556	1756	255	467	9.84e-11	62.4
Cre02.g075900.t1.1	tr|A0A150GBS0|A0A150GBS0_GONPE	28.9	305	134	12	16	301	262	502	4.04e-19	86.3
Cre02.g115100.t1.1	tr|A0A2K3DS38|A0A2K3DS38_CHLRE	35.7	171	94	4	57	211	24	194	1.46e-12	66.6
Cre02.g085701.t1.1	tr|A0A835W2V9|A0A835W2V9_CHLIN	56.0	1159	385	26	1	1082	1	1111	6.43e-208	629
Cre02.g144250.t1.1	tr|A0A835TCJ4|A0A835TCJ4_CHLIN	30.0	457	261	12	50	486	288	705	1.82e-41	159
Cre02.g102900.t1.1	tr|A0A150GBB4|A0A150GBB4_GONPE	30.5	233	116	9	1206	1402	169	391	9.50e-13	68.6
Cre02.g100500.t1.1	tr|A0A150GRG7|A0A150GRG7_GONPE	75.3	198	27	1	1192	1367	174	371	3.99e-91	300
Cre02.g100500.t2.1	tr|A0A150GRG7|A0A150GRG7_GONPE	75.3	198	27	1	1117	1292	174	371	3.33e-91	300
Cre02.g097000.t1.2	tr|A0A835SGR3|A0A835SGR3_CHLIN	91.6	537	39	3	1	535	1	533	0.0	955
Cre02.g101300.t1.2	tr|A0A2J7ZMF7|A0A2J7ZMF7_9CHLO	33.7	546	265	16	98	616	172	647	5.33e-51	187
Cre02.g145500.t1.2	tr|A0A835YDE0|A0A835YDE0_9CHLO	30.6	333	203	7	202	525	1052	1365	8.34e-37	145
Cre02.g096250.t1.2	tr|A0A2J7ZYJ7|A0A2J7ZYJ7_9CHLO	50.2	207	70	4	3	194	139	327	3.11e-52	177
Cre02.g116600.t1.2	tr|A0A835WWV1|A0A835WWV1_9CHLO	25.5	499	250	16	60	449	858	1343	9.98e-31	125
Cre02.g116600.t2.1	tr|A0A835WWV1|A0A835WWV1_9CHLO	25.5	499	250	16	60	449	858	1343	3.35e-31	125
Cre02.g084100.t1.2	tr|A0A2J7ZWW2|A0A2J7ZWW2_9CHLO	55.9	145	60	3	104	246	1	143	3.28e-49	156
Cre02.g087900.t1.1	tr|A0A835SW25|A0A835SW25_CHLIN	34.6	381	164	8	645	940	1701	2081	2.75e-50	190
Cre02.g107050.t1.1	tr|A0A7S0R3Y7|A0A7S0R3Y7_9CHLO	34.6	1733	1023	30	2495	4184	1	1665	1.84e-273	874
Cre02.g111550.t1.1	tr|A0A835XJ08|A0A835XJ08_9CHLO	36.6	333	165	7	1880	2178	2666	2986	4.53e-44	173
Cre02.g141250.t1.2	tr|A0A699ZRF3|A0A699ZRF3_HAELA	39.2	186	74	1	221	406	143	289	9.49e-28	109
Cre02.g141606.t1.1	tr|A0A7S0R3Y7|A0A7S0R3Y7_9CHLO	36.3	1696	1003	23	2494	4147	1	1661	5.55e-285	907
Cre02.g143861.t1.2	tr|A8J3V5|A8J3V5_CHLRE	30.9	356	186	10	77	421	29	335	8.45e-39	139
Cre02.g095129.t1.1	tr|A0A835YDE0|A0A835YDE0_9CHLO	24.9	366	190	9	819	1120	1028	1372	4.78e-23	102
Cre02.g143500.t1.1	tr|A0A699Z6K2|A0A699Z6K2_HAELA	23.3	390	263	12	40	413	129	498	1.34e-19	91.3
Cre02.g141946.t1.1	tr|A0A150GCK9|A0A150GCK9_GONPE	37.8	185	96	7	452	623	198	376	9.38e-22	96.7
Cre02.g141946.t3.1	tr|A0A150GCK9|A0A150GCK9_GONPE	37.8	185	96	7	392	563	198	376	9.00e-22	96.7
Cre02.g147750.t1.2	tr|A0A835XV88|A0A835XV88_9CHLO	42.2	1037	380	19	5	977	8	889	3.34e-158	500
Cre02.g144050.t1.2	tr|A0A7S0RCE8|A0A7S0RCE8_9CHLO	32.7	682	377	18	24	694	34	644	2.69e-109	342
Cre02.g144050.t2.1	tr|A0A7S0RCE8|A0A7S0RCE8_9CHLO	32.9	678	377	17	24	690	34	644	1.49e-111	348
Cre02.g082150.t1.1	tr|D8U4M5|D8U4M5_VOLCA	40.3	216	18	2	174	278	140	355	1.31e-29	112
Cre02.g094801.t1.1	tr|A0A835Y0L8|A0A835Y0L8_9CHLO	31.7	1287	598	26	349	1598	164	1192	8.15e-132	463
Cre02.g142827.t1.1	tr|A0A835VQW0|A0A835VQW0_9CHLO	34.5	142	74	3	5	146	31	153	7.27e-11	62.0
Cre02.g104201.t1.1	tr|A0A250X4T6|A0A250X4T6_9CHLO	31.8	211	132	3	385	591	836	1038	2.45e-27	114
Cre02.g074626.t1.1	tr|A8J0Y0|A8J0Y0_CHLRE	75.7	70	1	1	16	85	215	268	3.01e-29	101
Cre02.g087750.t1.2	tr|A0A835SW25|A0A835SW25_CHLIN	33.6	396	192	6	445	777	1698	2085	1.25e-52	195
Cre02.g112500.t1.1	tr|A0A835SCQ1|A0A835SCQ1_CHLIN	31.9	276	183	2	651	925	37	308	2.76e-34	137
Cre02.g081800.t1.2	tr|A0A835SUQ0|A0A835SUQ0_CHLIN	34.2	2454	1061	55	4	2310	34	2081	8.95e-229	739
Cre02.g143800.t1.1	tr|A0A835WI51|A0A835WI51_9CHLO	26.4	493	289	11	1092	1525	2303	2780	1.41e-24	109
Cre02.g112750.t1.2	tr|A0A836B310|A0A836B310_CHLIN	32.9	149	79	4	14	161	3	131	3.24e-13	71.6
Cre02.g147350.t1.2	tr|A0A2K3E3M4|A0A2K3E3M4_CHLRE	100	1024	0	0	1	1024	1	1024	0.0	1601
Cre02.g077850.t1.2	tr|A0A835W0U1|A0A835W0U1_CHLIN	47.8	201	103	2	578	776	6691	6891	4.08e-54	200
Cre02.g141800.t1.2	tr|A0A835SCQ1|A0A835SCQ1_CHLIN	32.3	297	169	5	962	1257	44	309	3.92e-28	119
Cre02.g074000.t1.1	tr|D8U7U3|D8U7U3_VOLCA	53.1	1429	546	10	1	1335	1	1399	0.0	1190
Cre02.g074000.t2.1	tr|D8U7U3|D8U7U3_VOLCA	53.1	1429	546	10	1	1335	1	1399	0.0	1190
Cre02.g096700.t1.1	tr|A0A2J7ZMF7|A0A2J7ZMF7_9CHLO	29.3	646	337	21	17	630	90	647	3.96e-35	139
Cre02.g085750.t1.1	tr|A0A836C725|A0A836C725_9CHLO	28.3	692	387	21	77	706	22	666	7.54e-50	185
Cre02.g077800.t1.2	tr|A0A835W0U1|A0A835W0U1_CHLIN	30.8	503	270	11	367	806	6404	6891	8.02e-54	199
Cre02.g090700.t1.1	tr|A0A150GCK9|A0A150GCK9_GONPE	39.1	169	88	6	2439	2594	209	375	1.44e-29	120
Cre02.g117300.t1.2	tr|A0A835WT30|A0A835WT30_9CHLO	87.5	311	34	2	1	311	1	306	7.41e-200	546
Cre02.g106250.t1.2	tr|A0A835Y010|A0A835Y010_9CHLO	58.9	508	157	12	13	491	11	495	1.90e-115	368
Cre02.g103350.t1.1	tr|A0A835W0U1|A0A835W0U1_CHLIN	83.5	746	100	4	1	745	5472	6195	0.0	1122
Cre02.g099055.t1.2	tr|A0A835W0U1|A0A835W0U1_CHLIN	26.5	1473	699	36	2498	3900	2324	3478	1.22e-63	239
Cre02.g115400.t1.1	tr|A0A835WTL1|A0A835WTL1_9CHLO	31.4	2385	1129	63	781	3024	2958	4973	5.00e-244	834
Cre02.g113752.t1.2	tr|D8UD27|D8UD27_VOLCA	62.7	453	132	3	1048	1499	619	1035	9.35e-156	497
Cre02.g112300.t1.1	tr|A0A7S0YFV0|A0A7S0YFV0_9CHLO	42.4	483	198	9	2	436	36	486	8.42e-133	389
Cre02.g106650.t1.1	tr|A0A150GBS0|A0A150GBS0_GONPE	52.9	573	177	11	229	790	252	742	1.53e-146	490
Cre02.g078950.t1.1	tr|A0A836BW14|A0A836BW14_9CHLO	24.3	482	265	17	460	888	97	531	1.96e-24	105
Cre02.g105800.t1.1	tr|A0A150G3T9|A0A150G3T9_GONPE	44.9	463	157	10	17	454	530	919	1.84e-82	291
Cre02.g095111.t1.1	tr|A0A7R9YTB3|A0A7R9YTB3_9CHLO	41.6	707	365	18	22	717	29	698	8.99e-167	498
Cre02.g095053.t1.1	tr|A0A835SLC6|A0A835SLC6_CHLIN	49.8	999	430	16	149	1118	1	957	2.50e-163	523
Cre02.g095053.t2.1	tr|A0A835SLC6|A0A835SLC6_CHLIN	49.8	999	430	16	149	1118	1	957	2.50e-163	523
Cre02.g091950.t1.1	tr|A0A835T9S6|A0A835T9S6_CHLIN	35.3	275	106	6	1880	2154	1391	1593	1.07e-36	149
Cre02.g142700.t1.2	tr|D8U574|D8U574_VOLCA	40.3	72	26	1	1002	1073	1243	1297	9.26e-11	62.4
Cre02.g097500.t1.1	tr|A0A835YDE0|A0A835YDE0_9CHLO	41.5	431	154	6	622	1037	1027	1374	9.02e-87	306
Cre02.g090500.t1.1	tr|A0A7S3VVE9|A0A7S3VVE9_DUNTE	34.3	198	113	6	55	240	75	267	9.27e-15	75.5
Cre02.g103426.t1.1	tr|A0A835W0U1|A0A835W0U1_CHLIN	55.0	151	37	4	51	182	3415	3553	4.25e-19	81.3
Cre02.g095032.t1.1	tr|A0A2J7ZU46|A0A2J7ZU46_9CHLO	30.0	609	347	19	1257	1826	5	573	9.31e-33	134
Cre02.g118350.t1.1	tr|A0A836BNF9|A0A836BNF9_9CHLO	33.7	958	423	18	5	804	10	913	2.28e-84	296
Cre02.g117400.t1.1	tr|A0A150GII8|A0A150GII8_GONPE	38.7	194	105	5	21	204	16	205	6.92e-20	90.9
Cre02.g117000.t1.1	tr|A0A835T9S6|A0A835T9S6_CHLIN	53.7	300	123	5	3142	3435	1308	1597	4.94e-83	301
Cre02.g074758.t1.1	tr|A0A835T0V6|A0A835T0V6_9CHLO	48.0	2049	684	65	32	1793	48	2002	0.0	1114
Cre02.g074758.t2.1	tr|A0A835T0V6|A0A835T0V6_9CHLO	48.0	2049	684	65	32	1793	48	2002	0.0	1114
Cre02.g107000.t1.1	tr|A0A7S0RME0|A0A7S0RME0_9CHLO	30.6	245	129	12	133	354	881	1107	1.51e-17	80.9
Cre02.g112333.t1.1	tr|A0A835SCQ1|A0A835SCQ1_CHLIN	33.0	285	173	5	678	961	42	309	1.17e-32	132
Cre02.g144550.t1.2	tr|A0A2K3DSM2|A0A2K3DSM2_CHLRE	34.6	130	76	4	35	159	95	220	2.41e-13	70.5
Cre02.g144005.t1.1	tr|A8J3V5|A8J3V5_CHLRE	40.9	342	173	9	12	333	12	344	2.10e-63	201
Cre02.g098600.t1.1	tr|A0A2K3DZY1|A0A2K3DZY1_CHLRE	39.3	435	206	8	988	1415	1239	1622	1.72e-51	196
Cre02.g098600.t2.1	tr|A0A2K3DZY1|A0A2K3DZY1_CHLRE	39.6	432	206	9	988	1412	1239	1622	2.25e-51	196
Cre02.g111500.t1.1	tr|A0A2K3DFR1|A0A2K3DFR1_CHLRE	37.7	207	122	4	1	207	2	201	3.89e-28	120
Cre02.g111500.t2.1	tr|A0A2K3DFR1|A0A2K3DFR1_CHLRE	37.7	207	122	4	1	207	2	201	3.89e-28	120
Cre02.g099550.t1.1	tr|A0A835YDE0|A0A835YDE0_9CHLO	28.9	356	153	6	1341	1667	1088	1372	3.29e-32	134
Cre02.g115300.t1.1	tr|A0A7S3R406|A0A7S3R406_DUNTE	46.1	701	308	7	31	731	28	658	8.05e-170	526
Cre02.g119600.t1.2	tr|A0A150GUE6|A0A150GUE6_GONPE	58.6	343	117	3	9	327	4	345	7.62e-139	395
Cre02.g088750.t1.2	tr|A0A835TA66|A0A835TA66_CHLIN	90.0	4933	411	18	1	4904	1	4881	0.0	7270
Cre02.g103300.t1.1	tr|A0A835W0U1|A0A835W0U1_CHLIN	51.8	711	228	12	25	631	6196	6895	8.60e-145	461
Cre02.g083500.t1.2	tr|A0A2J7ZYJ7|A0A2J7ZYJ7_9CHLO	30.9	220	93	6	12	217	152	326	7.50e-13	66.6
Cre02.g074511.t1.1	tr|D8UIF1|D8UIF1_VOLCA	61.5	117	42	2	2	118	11	124	2.08e-42	144
Cre02.g141966.t1.1	tr|A0A2K3DZY1|A0A2K3DZY1_CHLRE	33.7	777	366	22	780	1497	942	1628	1.42e-81	294
Cre02.g141966.t2.1	tr|A0A2K3DZY1|A0A2K3DZY1_CHLRE	33.6	776	367	23	780	1496	942	1628	6.18e-82	295
Cre02.g141966.t3.1	tr|A0A2K3DZY1|A0A2K3DZY1_CHLRE	33.8	775	366	23	780	1495	942	1628	4.67e-82	295
Cre02.g141966.t4.1	tr|A0A2K3DZY1|A0A2K3DZY1_CHLRE	33.9	767	372	22	780	1491	942	1628	1.84e-81	293
Cre02.g111950.t1.1	tr|A0A2J8AEV7|A0A2J8AEV7_9CHLO	44.9	254	113	8	1329	1578	1525	1755	3.51e-44	172
Cre02.g082250.t1.1	tr|D8U4M5|D8U4M5_VOLCA	83.9	341	54	1	19	358	27	367	3.63e-197	543
Cre02.g110850.t1.2	tr|A0A835XJ08|A0A835XJ08_9CHLO	39.4	312	156	5	315	598	2681	2987	2.70e-65	230
Cre02.g146450.t1.1	tr|A0A835T0V6|A0A835T0V6_9CHLO	81.4	328	55	2	2128	2455	1624	1945	1.31e-150	516
Cre02.g110750.t1.2	tr|A0A7S0X1Z1|A0A7S0X1Z1_9CHLO	73.6	314	83	0	71	384	69	382	4.63e-163	459
Cre02.g140900.t1.1	tr|A0A835XX80|A0A835XX80_9CHLO	28.8	573	261	21	123	633	16	503	3.15e-29	118
Cre02.g074800.t1.1	tr|A0A835T0V6|A0A835T0V6_9CHLO	86.0	314	37	2	2143	2453	1627	1936	3.59e-154	526
Cre02.g074800.t2.1	tr|A0A835T0V6|A0A835T0V6_9CHLO	86.0	314	37	2	2143	2453	1627	1936	3.59e-154	526
Cre02.g076987.t1.1	tr|A0A835T6C7|A0A835T6C7_CHLIN	52.0	175	81	2	28	199	80	254	2.05e-55	193
Cre02.g117950.t1.1	tr|A0A6A0AES6|A0A6A0AES6_HAELA	57.1	140	60	0	127	266	2	141	4.35e-52	179
Cre02.g076000.t1.2	tr|A0A150H3A5|A0A150H3A5_GONPE	33.7	184	101	7	165	340	459	629	2.06e-13	69.3
Cre02.g102050.t1.1	tr|A0A835W0U1|A0A835W0U1_CHLIN	41.2	500	240	10	425	878	6404	6895	2.57e-86	299
Cre02.g074720.t1.1	tr|A0A835T0V6|A0A835T0V6_9CHLO	76.6	47	10	1	143	188	1	47	2.69e-13	64.7
Cre02.g145602.t1.1	tr|A8J0Y0|A8J0Y0_CHLRE	75.7	70	1	1	39	108	215	268	7.33e-29	101
Cre02.g102850.t1.1	tr|A0A7S0R3Z7|A0A7S0R3Z7_9CHLO	37.6	170	65	2	156	324	3	132	2.52e-24	96.3
Cre02.g084200.t1.2	tr|A0A2J7ZWW2|A0A2J7ZWW2_9CHLO	60.4	144	55	2	107	249	1	143	5.74e-55	171
Cre02.g104700.t1.2	tr|A0A150FVP1|A0A150FVP1_GONPE	57.4	101	42	1	72	171	708	808	5.44e-25	109
Cre02.g106050.t1.2	tr|A0A150G3T9|A0A150G3T9_GONPE	50.1	545	166	7	71	547	25	531	3.41e-150	474
Cre02.g109050.t1.2	tr|A0A250X781|A0A250X781_9CHLO	36.0	186	94	2	670	833	491	673	1.05e-24	106
Cre02.g142400.t1.1	tr|A8J0Y0|A8J0Y0_CHLRE	75.7	70	1	1	460	529	215	268	2.81e-25	101
Cre02.g104450.t1.1	tr|A0A150G2W1|A0A150G2W1_GONPE	38.3	162	87	7	404	555	1161	1319	2.39e-23	101
Cre02.g104450.t2.1	tr|A0A150G2W1|A0A150G2W1_GONPE	38.3	162	87	7	394	545	1161	1319	2.26e-23	101
Cre02.g105600.t1.1	tr|A0A7S0N7F3|A0A7S0N7F3_9CHLO	29.4	442	262	11	375	771	240	676	1.21e-46	176
Cre02.g105600.t2.1	tr|A0A7S0N7F3|A0A7S0N7F3_9CHLO	29.4	442	262	11	375	771	240	676	1.21e-46	176
Cre02.g095078.t1.1	tr|A0A2J8A3M6|A0A2J8A3M6_9CHLO	27.5	342	187	10	347	658	335	645	1.37e-20	92.4
Cre02.g077750.t1.2	tr|A0A835W0U1|A0A835W0U1_CHLIN	51.7	203	96	2	564	764	6688	6890	6.23e-55	202
Cre02.g112250.t1.2	tr|A0A7S0YFV0|A0A7S0YFV0_9CHLO	46.8	496	201	7	1	446	1	483	3.28e-162	464
Cre02.g076900.t1.1	tr|A0A2K3DFR1|A0A2K3DFR1_CHLRE	31.5	241	158	5	708	946	10	245	4.41e-29	122
Cre02.g085150.t1.1	tr|A0A150FVP1|A0A150FVP1_GONPE	47.5	80	41	1	96	175	732	810	5.32e-15	77.0
Cre02.g103900.t1.1	tr|A0A250X4T6|A0A250X4T6_9CHLO	37.6	173	102	2	94	260	861	1033	4.61e-28	115
Cre02.g144251.t1.1	tr|A0A250WR09|A0A250WR09_9CHLO	24.8	604	356	16	4	548	38	602	8.04e-34	134
Cre02.g117350.t1.1	tr|A0A835SR94|A0A835SR94_CHLIN	26.6	433	218	11	12	379	22	419	9.10e-33	130
Cre02.g142226.t1.1	tr|A0A2K3DZY1|A0A2K3DZY1_CHLRE	36.2	550	181	16	1165	1644	1174	1623	9.99e-70	257
Cre02.g142166.t1.1	tr|A0A835T7X8|A0A835T7X8_CHLIN	36.2	1003	571	18	11	968	16	994	1.94e-163	566
Cre02.g142166.t2.1	tr|A0A835T7X8|A0A835T7X8_CHLIN	36.2	1003	571	18	11	968	16	994	1.94e-163	566
Cre02.g100600.t1.1	tr|A0A835TS68|A0A835TS68_CHLIN	45.6	252	105	6	3	239	5	239	9.13e-44	167
Cre27.g757197.t1.1	tr|A0A2J7ZU46|A0A2J7ZU46_9CHLO	30.3	611	351	18	746	1329	11	573	2.53e-39	154
Cre27.g757347.t1.1	tr|A0A2J7ZU46|A0A2J7ZU46_9CHLO	30.4	611	350	17	1219	1802	11	573	3.76e-39	154
Cre27.g757147.t1.1	tr|A0A7S0RF59|A0A7S0RF59_9CHLO	31.5	324	191	8	198	509	12	316	7.48e-34	129
Cre27.g757397.t1.1	tr|A0A2J7ZU46|A0A2J7ZU46_9CHLO	30.3	611	351	17	313	896	11	573	4.10e-39	152
Cre27.g757247.t1.1	tr|A0A2J7ZU46|A0A2J7ZU46_9CHLO	31.3	432	242	13	178	586	11	410	4.47e-22	97.4
Cre51.g761547.t1.1	tr|A0A150GBS0|A0A150GBS0_GONPE	38.4	99	60	1	150	248	249	346	1.30e-17	78.6
Cre03.g187950.t1.1	tr|A0A699ZEB2|A0A699ZEB2_HAELA	33.8	160	79	4	764	911	79	223	1.36e-20	88.6
Cre03.g203350.t1.1	tr|A0A835WB55|A0A835WB55_9CHLO	37.2	1262	635	36	41	1221	1581	2765	1.88e-157	519
Cre03.g146267.t1.1	tr|A0A7S0RNC3|A0A7S0RNC3_9CHLO	57.7	104	43	1	213	315	46	149	8.47e-35	137
Cre03.g146267.t2.1	tr|A0A7S0RNC3|A0A7S0RNC3_9CHLO	57.7	104	43	1	213	315	46	149	8.40e-35	137
Cre03.g144464.t1.1	tr|A0A836BR11|A0A836BR11_9CHLO	40.5	306	108	6	1518	1823	619	850	8.97e-52	196
Cre03.g179650.t1.1	tr|A0A2J7ZMF7|A0A2J7ZMF7_9CHLO	48.2	361	156	14	266	619	1177	1513	2.87e-60	215
Cre03.g199647.t1.1	tr|A0A835SZ11|A0A835SZ11_CHLIN	32.4	358	232	5	32	380	697	1053	1.21e-56	197
Cre03.g145127.t1.1	tr|A0A7S0R3Y7|A0A7S0R3Y7_9CHLO	41.1	1760	931	19	2745	4497	2	1662	0.0	1207
Cre03.g158300.t1.1	tr|A0A2J8AEV7|A0A2J8AEV7_9CHLO	30.7	1256	420	32	240	1494	34	840	2.67e-101	356
Cre03.g149800.t1.1	tr|A0A150GB35|A0A150GB35_GONPE	59.3	2203	460	23	101	2275	1	1794	0.0	2092
Cre03.g158750.t1.1	tr|A0A835SZ11|A0A835SZ11_CHLIN	41.0	420	231	6	81	496	653	1059	1.81e-96	317
Cre03.g208551.t1.1	tr|A0A2J7ZU46|A0A2J7ZU46_9CHLO	30.3	584	327	18	133	689	45	575	1.38e-35	141
Cre03.g193300.t1.2	tr|A0A150G448|A0A150G448_GONPE	79.9	199	36	3	76	274	14	208	1.15e-103	297
Cre03.g194900.t1.1	tr|A0A836C725|A0A836C725_9CHLO	33.4	589	326	18	270	850	151	681	9.72e-68	250
Cre03.g177400.t1.1	tr|A0A835XJL6|A0A835XJL6_9CHLO	30.1	785	391	21	188	888	14	724	4.22e-48	188
Cre03.g175200.t1.2	tr|A0A7R9V7G4|A0A7R9V7G4_9CHLO	66.0	624	210	1	177	798	2	625	5.37e-319	881
Cre03.g179300.t1.1	tr|D8TWQ5|D8TWQ5_VOLCA	24.9	602	351	18	546	1067	872	1452	2.81e-28	121
Cre03.g179300.t2.1	tr|D8TWQ5|D8TWQ5_VOLCA	24.9	602	351	18	545	1066	872	1452	2.81e-28	121
Cre03.g144987.t1.1	tr|A0A2K3DZY1|A0A2K3DZY1_CHLRE	41.3	482	210	11	734	1193	1196	1626	8.31e-77	279
Cre03.g161250.t1.2	tr|A0A835TCJ4|A0A835TCJ4_CHLIN	33.8	287	155	7	465	721	425	706	6.44e-33	134
Cre03.g190700.t1.2	tr|A0A2K3DYD1|A0A2K3DYD1_CHLRE	41.7	1152	514	27	18	1119	15	1058	1.80e-161	513
Cre03.g146867.t1.1	tr|A0A835WDN6|A0A835WDN6_CHLIN	44.5	454	213	10	144	564	53	500	4.90e-102	342
Cre03.g146867.t2.1	tr|A0A835WDN6|A0A835WDN6_CHLIN	44.5	454	213	10	143	563	53	500	4.78e-102	342
Cre03.g188750.t1.1	tr|A0A835SZ11|A0A835SZ11_CHLIN	26.2	347	175	8	345	678	800	1078	8.55e-26	110
Cre03.g150350.t1.1	tr|A0A7S3QXL8|A0A7S3QXL8_DUNTE	52.5	465	169	8	1103	1534	1	446	2.33e-107	347
Cre03.g206369.t1.1	tr|A0A835W8I2|A0A835W8I2_9CHLO	60.7	2001	604	45	31	1931	13	1930	0.0	1736
Cre03.g157200.t1.1	tr|A0A2K3DZY1|A0A2K3DZY1_CHLRE	37.2	325	142	8	1391	1705	1352	1624	1.68e-46	180
Cre03.g172150.t1.2	tr|A0A150GXF6|A0A150GXF6_GONPE	30.5	1040	600	24	635	1636	425	1379	6.24e-61	229
Cre03.g167600.t1.2	tr|A0A7S0YBE0|A0A7S0YBE0_9CHLO	46.6	551	248	5	359	866	259	806	1.57e-134	427
Cre03.g208554.t1.1	tr|A0A2J7ZU46|A0A2J7ZU46_9CHLO	31.1	527	297	15	390	891	11	496	6.75e-35	139
Cre03.g162000.t1.2	tr|D8U306|D8U306_VOLCA	48.6	292	149	1	22	312	19	310	1.70e-88	266
Cre03.g168500.t1.2	tr|A0A7S0S435|A0A7S0S435_9CHLO	53.8	117	48	2	8	119	7	122	3.59e-30	108
Cre03.g191450.t1.2	tr|A0A835WWV1|A0A835WWV1_9CHLO	33.7	356	208	11	158	491	76	425	1.99e-44	166
Cre03.g208305.t1.1	tr|A0A7S0RF59|A0A7S0RF59_9CHLO	32.7	324	187	9	1083	1394	12	316	1.93e-35	135
Cre03.g161550.t1.2	tr|A8IFZ1|A8IFZ1_CHLRE	100	1122	0	0	1	1122	1	1122	0.0	1673
Cre03.g146067.t1.1	tr|A0A150GLN6|A0A150GLN6_GONPE	31.1	244	95	6	1249	1463	778	977	2.02e-17	85.1
Cre03.g203451.t1.1	tr|A0A835WJB2|A0A835WJB2_9CHLO	32.3	764	337	20	316	943	109	828	4.75e-33	138
Cre03.g205250.t1.1	tr|A0A2K3CXZ5|A0A2K3CXZ5_CHLRE	54.4	371	158	5	235	602	533	895	6.84e-130	403
Cre03.g206250.t1.1	tr|A0A6T8R416|A0A6T8R416_9CHLO	32.4	182	111	5	72	247	104	279	2.81e-19	82.0
Cre03.g202550.t1.1	tr|A0A2K3CXZ5|A0A2K3CXZ5_CHLRE	33.9	906	309	15	25	680	29	894	4.82e-161	487
Cre03.g192450.t1.1	tr|A0A835WJB2|A0A835WJB2_9CHLO	50.4	4421	1521	148	252	4132	45	4338	0.0	2280
Cre03.g199900.t1.2	tr|A0A250XGZ4|A0A250XGZ4_9CHLO	73.7	190	47	2	16	202	16	205	1.62e-105	298
Cre03.g165750.t1.1	tr|B2X2C0|B2X2C0_CHLMO	32.7	306	180	4	256	559	1871	2152	3.94e-35	143
Cre03.g186750.t1.2	tr|A0A836BQT7|A0A836BQT7_9CHLO	45.2	2509	730	49	6	2091	2008	4294	4.56e-281	910
Cre03.g173650.t1.2	tr|A0A2K3DS38|A0A2K3DS38_CHLRE	41.4	181	89	5	74	244	19	192	1.86e-25	107
Cre03.g206650.t1.2	tr|A0A150G6Q4|A0A150G6Q4_GONPE	44.5	411	139	9	292	617	6	412	3.98e-72	235
Cre03.g145827.t1.1	tr|A0A836B8Y8|A0A836B8Y8_9CHLO	46.2	1609	672	37	21	1505	23	1562	0.0	976
Cre03.g176300.t1.1	tr|A0A150H2Y5|A0A150H2Y5_GONPE	37.1	749	238	12	144	882	15	540	2.52e-130	398
Cre03.g191700.t1.1	tr|A0A2K3DYD1|A0A2K3DYD1_CHLRE	36.1	1173	546	34	40	1140	32	1072	5.42e-88	309
Cre03.g169500.t1.2	tr|A0A2K3DFR1|A0A2K3DFR1_CHLRE	30.6	288	165	6	1	288	2	254	4.63e-35	141
Cre03.g144344.t1.1	tr|A0A2K3DKL9|A0A2K3DKL9_CHLRE	28.3	841	340	30	450	1225	27	669	2.42e-37	148
Cre03.g144344.t2.1	tr|A0A2K3DKL9|A0A2K3DKL9_CHLRE	28.3	841	340	30	378	1153	27	669	2.19e-37	148
Cre03.g167000.t1.2	tr|A0A7S3VLF3|A0A7S3VLF3_DUNTE	30.6	108	69	1	34	141	33	134	4.24e-13	61.2
Cre03.g184450.t1.1	tr|A0A835SCQ1|A0A835SCQ1_CHLIN	36.3	284	166	5	50	331	39	309	1.89e-46	172
Cre03.g150600.t1.2	tr|A0A150FX62|A0A150FX62_GONPE	37.8	360	191	9	155	506	6	340	7.76e-51	180
Cre03.g161350.t1.1	tr|A0A836BDD8|A0A836BDD8_9CHLO	48.6	288	134	5	28	305	456	739	3.08e-46	164
Cre03.g201850.t1.1	tr|A0A835WI51|A0A835WI51_9CHLO	32.3	161	100	3	1046	1199	2655	2813	4.83e-20	93.6
Cre03.g211073.t1.1	tr|A0A699ZRF3|A0A699ZRF3_HAELA	43.7	190	65	1	449	638	142	289	6.02e-40	145
Cre03.g173165.t1.1	tr|A0A2J7ZMF7|A0A2J7ZMF7_9CHLO	39.1	568	228	22	50	584	1039	1521	6.57e-72	248
Cre03.g208303.t1.1	tr|A0A7S0RF59|A0A7S0RF59_9CHLO	39.5	172	102	2	867	1038	60	229	9.39e-30	117
Cre03.g191550.t1.2	tr|A0A2K3DYD1|A0A2K3DYD1_CHLRE	100	1227	0	0	1	1227	1	1227	0.0	2222
Cre03.g183750.t1.1	tr|A0A835YLG2|A0A835YLG2_9CHLO	46.5	714	311	9	118	804	1	670	1.32e-110	361
Cre03.g168800.t1.1	tr|A0A835XQ81|A0A835XQ81_9CHLO	34.6	358	164	9	47	404	459	746	6.55e-41	162
Cre03.g144767.t1.1	tr|A0A250XD29|A0A250XD29_9CHLO	33.5	334	176	9	15	328	7	314	6.14e-45	153
Cre03.g200095.t1.1	tr|A0A835SZ11|A0A835SZ11_CHLIN	31.8	462	252	15	183	641	671	1072	1.00e-45	175
Cre03.g171050.t1.1	tr|A0A835XQ70|A0A835XQ70_9CHLO	51.5	406	192	5	16	418	13	416	2.75e-137	408
Cre03.g176400.t1.1	tr|A0A835YDE0|A0A835YDE0_9CHLO	31.1	338	207	7	283	606	1052	1377	8.17e-39	152
Cre03.g170950.t1.2	tr|A0A2K3DS38|A0A2K3DS38_CHLRE	38.6	630	257	20	65	581	22	634	1.75e-74	248
Cre03.g201950.t1.2	tr|A0A836BW14|A0A836BW14_9CHLO	28.4	455	242	19	81	466	90	529	1.17e-32	130
Cre03.g144011.t1.1	tr|A0A835S917|A0A835S917_CHLIN	26.8	220	94	5	2261	2477	140	295	6.93e-18	84.0
Cre03.g144011.t2.1	tr|A0A835S917|A0A835S917_CHLIN	26.8	220	94	5	2258	2474	140	295	6.92e-18	84.0
Cre03.g144011.t3.1	tr|A0A835S917|A0A835S917_CHLIN	26.8	220	94	5	2258	2474	140	295	6.92e-18	84.0
Cre03.g144011.t4.1	tr|A0A150GCK9|A0A150GCK9_GONPE	27.9	226	84	8	2262	2468	210	375	3.46e-13	71.2
Cre03.g158550.t1.2	tr|D8TWQ5|D8TWQ5_VOLCA	23.7	743	393	21	476	1119	734	1401	7.23e-21	97.1
Cre03.g188550.t1.1	tr|A0A835SZ11|A0A835SZ11_CHLIN	40.2	179	101	4	269	444	692	867	1.42e-31	129
Cre03.g159016.t2.1	tr|A0A836BR11|A0A836BR11_9CHLO	53.5	282	117	5	690	959	576	855	2.36e-81	281
Cre03.g159016.t1.1	tr|A0A836BR11|A0A836BR11_9CHLO	53.5	282	117	5	690	959	576	855	2.36e-81	281
Cre03.g159016.t3.1	tr|A0A836BR11|A0A836BR11_9CHLO	53.5	282	117	5	405	674	576	855	1.04e-83	281
Cre03.g185400.t1.1	tr|A0A835YBW7|A0A835YBW7_9CHLO	32.4	376	177	14	139	458	307	661	4.03e-37	144
Cre03.g148900.t1.1	tr|D8U0G9|D8U0G9_VOLCA	43.0	398	184	4	125	518	1086	1444	5.18e-84	303
Cre03.g144564.t1.1	tr|D8UIL6|D8UIL6_VOLCA	39.4	559	250	17	166	682	46	557	1.65e-112	350
Cre03.g194100.t1.2	tr|A0A835S917|A0A835S917_CHLIN	37.3	263	151	4	1599	1861	45	293	1.84e-50	177
Cre03.g144124.t1.1	tr|A0A835Y577|A0A835Y577_9CHLO	46.5	686	235	11	130	795	225	798	1.53e-111	355
Cre03.g151300.t1.1	tr|A0A836BR11|A0A836BR11_9CHLO	45.1	357	114	6	534	868	574	870	3.55e-78	271
Cre03.g151300.t2.1	tr|A0A836BR11|A0A836BR11_9CHLO	45.1	357	114	6	502	836	574	870	2.14e-78	271
Cre03.g207750.t1.1	tr|A0A2K3DYX1|A0A2K3DYX1_CHLRE	100	5140	0	0	1	5140	1	5140	0.0	8880
Cre03.g204500.t1.1	tr|A0A835W0U1|A0A835W0U1_CHLIN	35.4	209	129	4	638	842	6685	6891	8.56e-28	117
Cre03.g178100.t1.1	tr|A0A7S3VPE2|A0A7S3VPE2_DUNTE	38.0	844	455	16	3	829	44	836	3.88e-170	546
Cre03.g146607.t1.1	tr|A0A150G3T9|A0A150G3T9_GONPE	35.6	160	65	5	836	973	299	442	2.60e-15	78.2
Cre03.g186850.t1.1	tr|A0A836BQT7|A0A836BQT7_9CHLO	39.2	2250	904	47	59	2188	2	1908	5.12e-149	516
Cre03.g194350.t1.2	tr|A0A250WXC3|A0A250WXC3_9CHLO	43.0	477	246	7	59	519	41	507	2.55e-95	303
Cre03.g174150.t1.1	tr|A0A2J7ZMF7|A0A2J7ZMF7_9CHLO	42.5	181	101	2	416	593	1340	1520	1.84e-32	130
Cre03.g191650.t1.1	tr|A0A2K3DYD1|A0A2K3DYD1_CHLRE	37.0	1104	525	31	17	1065	70	1058	3.92e-122	407
Cre03.g145887.t1.1	tr|A0A7S0V557|A0A7S0V557_9CHLO	52.7	241	104	4	120	350	148	388	7.88e-73	229
Cre03.g144947.t1.1	tr|A0A7S0RNC3|A0A7S0RNC3_9CHLO	57.8	109	46	0	36	144	46	154	3.06e-39	151
Cre03.g166650.t1.1	tr|A0A836B1T8|A0A836B1T8_CHLIN	27.2	474	238	12	99	564	88	462	6.26e-23	99.8
Cre03.g190050.t1.1	tr|A0A2K3DFR1|A0A2K3DFR1_CHLRE	32.3	195	129	2	34	228	10	201	5.56e-22	101
Cre03.g210065.t1.1	tr|A0A835W8I2|A0A835W8I2_9CHLO	33.3	162	82	5	1549	1705	1506	1646	2.87e-14	75.5
Cre03.g150800.t1.1	tr|A0A835W8Q5|A0A835W8Q5_CHLIN	73.8	2336	426	33	1	2215	1	2271	0.0	2397
Cre03.g160900.t1.2	tr|A0A150H3A5|A0A150H3A5_GONPE	39.0	792	317	19	1822	2603	4	639	1.45e-119	414
Cre03.g178050.t1.1	tr|A0A7R9Z382|A0A7R9Z382_9CHLO	44.9	365	184	9	23	380	48	402	2.94e-85	265
Cre03.g166900.t1.1	tr|A0A835TCJ4|A0A835TCJ4_CHLIN	72.0	892	130	14	162	1029	215	1010	0.0	1013
Cre03.g166900.t2.1	tr|A0A835TCJ4|A0A835TCJ4_CHLIN	72.0	892	130	14	145	1012	215	1010	0.0	1013
Cre03.g179450.t1.1	tr|A0A835VY86|A0A835VY86_CHLIN	49.1	114	52	4	83	190	2126	2239	8.18e-24	103
Cre03.g167550.t1.1	tr|A0A7S0UUU6|A0A7S0UUU6_9CHLO	27.1	1628	729	24	977	2148	18	1641	3.05e-110	388
Cre03.g182500.t1.2	tr|A0A7S0RTI0|A0A7S0RTI0_9CHLO	44.1	796	331	21	7	746	5	742	1.48e-146	443
Cre03.g200200.t1.1	tr|A0A2K3DFR1|A0A2K3DFR1_CHLRE	35.1	222	134	5	1	220	2	215	2.86e-33	137
Cre03.g159150.t1.1	tr|A0A836BR11|A0A836BR11_9CHLO	31.2	893	450	22	141	945	28	844	7.95e-80	276
Cre03.g164250.t1.1	tr|A0A2K3DFR1|A0A2K3DFR1_CHLRE	29.6	304	162	9	1498	1800	5	257	1.85e-30	128
Cre03.g144967.t1.1	tr|A0A7S0X0W8|A0A7S0X0W8_9CHLO	28.9	159	95	4	350	491	235	392	2.86e-11	62.4
Cre03.g189000.t1.1	tr|A0A835WI51|A0A835WI51_9CHLO	33.3	141	92	2	483	622	2303	2442	4.83e-13	70.1
Cre03.g182200.t1.1	tr|A0A836C725|A0A836C725_9CHLO	40.3	231	127	1	1270	1500	764	983	7.30e-41	162
Cre03.g201301.t1.2	tr|A0A150GII8|A0A150GII8_GONPE	43.4	122	66	1	40	158	19	140	1.32e-17	83.2
Cre03.g158500.t1.1	tr|A0A7S0N7F3|A0A7S0N7F3_9CHLO	33.8	453	255	11	179	593	263	708	9.14e-66	230
Cre03.g160000.t1.2	tr|A0A835T7L9|A0A835T7L9_CHLIN	76.7	1775	335	26	1	1716	1	1756	0.0	2017
Cre03.g160000.t2.1	tr|A0A835T7L9|A0A835T7L9_CHLIN	76.8	1774	335	25	1	1715	1	1756	0.0	2022
Cre03.g153850.t1.2	tr|A0A835T6C7|A0A835T6C7_CHLIN	57.8	161	64	2	22	178	80	240	6.17e-58	200
Cre03.g201550.t1.2	tr|D8UIL6|D8UIL6_VOLCA	40.1	551	247	18	115	625	50	557	6.41e-108	336
Cre03.g208556.t1.1	tr|A0A7S0RF59|A0A7S0RF59_9CHLO	32.1	324	189	8	1319	1630	12	316	2.54e-35	135
Cre03.g162050.t1.1	tr|A0A835T7L9|A0A835T7L9_CHLIN	44.5	382	180	5	270	624	1134	1510	2.58e-69	247
Cre03.g206257.t1.1	tr|A0A835W8I2|A0A835W8I2_9CHLO	46.6	2266	645	52	7	2082	38	1929	0.0	1246
Cre03.g144607.t1.1	tr|A0A250WP05|A0A250WP05_9CHLO	30.2	513	274	14	1274	1784	1372	1802	3.64e-46	179
Cre03.g144484.t1.1	tr|A0A835SCQ1|A0A835SCQ1_CHLIN	32.0	231	129	7	88	310	97	307	1.66e-20	92.0
Cre03.g157000.t1.1	tr|A0A835WWV1|A0A835WWV1_9CHLO	39.6	766	379	18	32	760	695	1413	6.63e-181	552
Cre03.g155001.t1.1	tr|A0A699Z940|A0A699Z940_HAELA	67.5	375	121	1	492	866	1	374	1.57e-192	559
Cre03.g199250.t1.1	tr|A0A2K3CW68|A0A2K3CW68_CHLRE	48.7	234	83	7	2602	2834	2311	2508	1.55e-49	192
Cre03.g199250.t2.1	tr|A0A2K3CW68|A0A2K3CW68_CHLRE	48.7	234	83	7	2602	2834	2311	2508	1.55e-49	192
Cre03.g177800.t1.1	tr|A0A835T6C7|A0A835T6C7_CHLIN	48.4	159	69	5	29	177	80	235	1.51e-43	152
Cre03.g202202.t1.2	tr|A0A835XJL6|A0A835XJL6_9CHLO	26.7	723	399	15	248	899	52	714	3.03e-32	134
Cre03.g202202.t2.1	tr|A0A836C725|A0A836C725_9CHLO	37.1	286	143	7	627	901	431	690	1.42e-31	131
Cre03.g153400.t1.2	tr|A0A150G3T9|A0A150G3T9_GONPE	42.8	145	59	3	556	678	299	441	1.45e-23	105
Cre03.g208553.t1.1	tr|A0A2J7ZU46|A0A2J7ZU46_9CHLO	29.8	409	232	12	178	563	11	387	3.27e-16	78.2
Cre03.g197450.t1.1	tr|A0A835T6V9|A0A835T6V9_9CHLO	51.5	3239	1192	69	5	3142	9	2970	0.0	1988
Cre03.g175650.t1.1	tr|A0A835XJL6|A0A835XJL6_9CHLO	30.8	772	375	24	134	808	14	723	4.36e-47	184
Cre03.g205200.t1.2	tr|A8J0Y0|A8J0Y0_CHLRE	75.7	70	1	1	342	411	215	268	1.07e-25	101
Cre03.g156150.t1.1	tr|A0A250X4U9|A0A250X4U9_9CHLO	35.3	368	230	7	70	433	291	654	3.23e-48	182
Cre03.g166850.t1.1	tr|A0A2K3DWS7|A0A2K3DWS7_CHLRE	100	2916	0	0	1	2916	1	2916	0.0	4401
Cre03.g201000.t1.1	tr|A0A2K3DZD6|A0A2K3DZD6_CHLRE	100	1311	0	0	1	1311	1	1311	0.0	2252
Cre03.g144144.t1.1	tr|D8UC66|D8UC66_VOLCA	72.5	269	63	2	23	281	14	281	9.65e-126	370
Cre03.g144144.t2.1	tr|D8UC66|D8UC66_VOLCA	72.5	269	63	2	19	277	14	281	5.99e-126	371
Cre03.g144264.t1.1	tr|A0A836BR11|A0A836BR11_9CHLO	54.5	222	96	3	959	1180	628	844	1.76e-65	237
Cre03.g157250.t1.1	tr|A0A2K3DZY1|A0A2K3DZY1_CHLRE	43.4	205	87	3	1704	1908	1449	1624	6.07e-42	166
Cre03.g169601.t1.1	tr|A8J0Y0|A8J0Y0_CHLRE	75.0	68	1	1	1	68	217	268	9.01e-28	97.1
Cre03.g165050.t1.2	tr|A0A150H1Z0|A0A150H1Z0_GONPE	24.6	556	323	11	203	698	186	705	1.82e-25	110
Cre03.g191750.t1.2	tr|A0A2K3DYD1|A0A2K3DYD1_CHLRE	92.2	64	5	0	28	91	40	103	5.67e-27	115
Cre03.g168900.t1.2	tr|D8U0G9|D8U0G9_VOLCA	27.2	294	167	9	303	593	1141	1390	9.99e-15	74.3
Cre03.g165950.t1.2	tr|D8UC66|D8UC66_VOLCA	51.8	272	93	3	15	283	45	281	1.68e-74	242
Cre03.g200800.t1.1	tr|A0A835YBW2|A0A835YBW2_9CHLO	60.7	191	69	2	2349	2539	2102	2286	2.65e-60	227
Cre03.g156900.t1.2	tr|A0A7S0X1Z1|A0A7S0X1Z1_9CHLO	45.9	222	103	6	50	259	162	378	6.51e-49	162
Cre03.g204100.t1.1	tr|A0A835WWV1|A0A835WWV1_9CHLO	37.5	811	412	21	32	801	666	1422	2.05e-172	531
Cre03.g175600.t1.1	tr|A0A835WP14|A0A835WP14_9CHLO	42.7	4518	1816	140	313	4183	66	4460	0.0	1466
Cre03.g179350.t1.2	tr|A0A836BNF9|A0A836BNF9_9CHLO	47.7	151	78	1	277	426	721	871	2.30e-31	125
Cre03.g162900.t1.1	tr|A0A836C725|A0A836C725_9CHLO	28.8	674	407	19	127	752	22	670	9.20e-54	204
Cre03.g148850.t1.1	tr|A0A835SCQ1|A0A835SCQ1_CHLIN	28.8	285	148	10	174	452	73	308	2.80e-19	89.7
Cre03.g200600.t1.1	tr|A0A835XQ81|A0A835XQ81_9CHLO	40.4	369	201	8	695	1055	398	755	4.84e-61	224
Cre03.g200600.t2.1	tr|A0A835XQ81|A0A835XQ81_9CHLO	40.4	369	201	8	695	1055	398	755	3.65e-61	224
Cre03.g174100.t1.1	tr|A0A835WMK5|A0A835WMK5_9CHLO	49.6	4619	1751	119	581	4863	2	4367	0.0	2644
Cre03.g174100.t2.1	tr|A0A835WMK5|A0A835WMK5_9CHLO	49.6	4619	1751	119	581	4863	2	4367	0.0	2644
Cre03.g174100.t3.1	tr|A0A835WMK5|A0A835WMK5_9CHLO	49.3	4610	1764	120	581	4847	2	4367	0.0	2593
Cre03.g178950.t1.2	tr|A0A250WWQ3|A0A250WWQ3_9CHLO	36.7	392	232	9	221	611	1509	1885	2.08e-60	222
Cre03.g199050.t1.2	tr|A0A2K3DFR1|A0A2K3DFR1_CHLRE	29.0	269	180	6	594	859	8	268	1.09e-29	123
Cre03.g203351.t1.2	tr|A0A835WB55|A0A835WB55_9CHLO	35.2	1568	756	44	189	1640	64	1487	9.23e-114	397
Cre03.g172500.t1.1	tr|A0A835SR56|A0A835SR56_CHLIN	51.2	371	162	5	50	405	1	367	1.16e-126	367
Cre03.g145767.t1.1	tr|A0A250XL59|A0A250XL59_9CHLO	44.6	148	79	2	556	703	282	426	4.64e-23	103
Cre03.g145767.t2.1	tr|A0A250XL59|A0A250XL59_9CHLO	44.6	148	79	2	555	702	282	426	4.64e-23	103
Cre03.g161301.t1.1	tr|A0A836BDD8|A0A836BDD8_9CHLO	87.3	55	7	0	872	926	302	356	3.20e-18	86.7
Cre03.g169850.t1.2	tr|A0A835TG42|A0A835TG42_CHLIN	94.4	798	44	1	64	861	1	797	0.0	1420
Cre03.g204050.t1.1	tr|A0A835WWV1|A0A835WWV1_9CHLO	41.0	744	377	14	56	765	695	1410	5.28e-183	558
Cre03.g171550.t1.1	tr|Q84X76|Q84X76_CHLRE	100	278	0	0	1	278	1	278	4.53e-197	536
Cre03.g146227.t1.1	tr|A0A835W8N8|A0A835W8N8_CHLIN	75.9	962	178	10	1	959	1	911	0.0	1195
Cre03.g146227.t2.1	tr|A0A835W8N8|A0A835W8N8_CHLIN	78.3	851	134	9	1	848	1	803	0.0	1097
Cre03.g195900.t1.1	tr|A0A835Y8B1|A0A835Y8B1_9CHLO	48.5	235	91	3	558	792	553	757	8.67e-36	142
Cre03.g182551.t1.2	tr|A8JH68|A8JH68_CHLRE	100	145	0	0	1	145	1	145	8.01e-96	269
Cre03.g201450.t1.1	tr|A0A835XJL6|A0A835XJL6_9CHLO	29.9	732	385	22	205	881	56	714	2.26e-32	136
Cre03.g164050.t1.1	tr|A0A835XQ81|A0A835XQ81_9CHLO	38.8	381	202	13	108	482	423	778	5.90e-52	196
Cre03.g164050.t2.1	tr|A0A835XQ81|A0A835XQ81_9CHLO	38.8	381	202	13	108	482	423	778	5.29e-52	196
Cre03.g160350.t1.2	tr|A0A150H3A5|A0A150H3A5_GONPE	34.1	537	209	13	1707	2231	244	647	3.34e-40	160
Cre03.g191600.t1.1	tr|A0A2K3DYD1|A0A2K3DYD1_CHLRE	41.1	1127	491	24	34	1090	34	1057	1.45e-147	476
Cre03.g168605.t1.2	tr|A0A7S0RZE1|A0A7S0RZE1_9CHLO	59.3	54	22	0	74	127	130	183	1.97e-17	70.9
Cre03.g173132.t1.1	tr|A8J0Y0|A8J0Y0_CHLRE	95.5	224	0	1	1	224	1	214	2.42e-146	416
Cre03.g179400.t1.2	tr|A0A836BNF9|A0A836BNF9_9CHLO	44.0	200	109	3	288	485	728	926	1.10e-35	138
Cre03.g154800.t1.2	tr|A0A2K3DS38|A0A2K3DS38_CHLRE	27.8	615	254	19	5	502	21	562	2.72e-27	113
Cre03.g202200.t1.1	tr|A0A836C725|A0A836C725_9CHLO	29.6	206	102	6	280	485	765	927	1.02e-12	69.7
Cre03.g153900.t1.2	tr|A0A835VY94|A0A835VY94_CHLIN	27.1	420	261	12	33	434	113	505	1.53e-15	75.9
Cre03.g190650.t1.1	tr|A0A2K3DYD1|A0A2K3DYD1_CHLRE	37.2	1357	598	39	11	1270	15	1214	6.10e-152	486
Cre03.g155700.t1.1	tr|A0A835Y0L8|A0A835Y0L8_9CHLO	30.5	325	196	11	2314	2627	2113	2418	1.56e-21	99.8
Cre03.g206202.t1.1	tr|A0A2K3DFR1|A0A2K3DFR1_CHLRE	29.0	245	125	7	9	251	4	201	6.28e-16	80.1
Cre03.g174650.t1.2	tr|A8J0Y0|A8J0Y0_CHLRE	96.0	25	1	0	150	174	215	239	1.34e-11	57.8
Cre03.g205950.t1.1	tr|A0A835SCQ1|A0A835SCQ1_CHLIN	32.6	285	165	6	106	387	46	306	1.64e-31	125
Cre03.g149600.t1.1	tr|A0A835T9S6|A0A835T9S6_CHLIN	66.0	1899	533	30	1	1829	1	1856	0.0	1969
Cre03.g202350.t1.1	tr|A0A836C725|A0A836C725_9CHLO	41.6	341	186	3	1905	2243	753	1082	1.95e-67	249
Cre03.g165850.t1.2	tr|D8TZ35|D8TZ35_VOLCA	51.3	398	127	5	297	693	268	599	7.08e-110	342
Cre03.g145107.t1.1	tr|A0A835XQ81|A0A835XQ81_9CHLO	43.6	360	187	5	510	863	408	757	1.06e-74	262
Cre03.g169950.t1.1	tr|A0A150H4A5|A0A150H4A5_GONPE	39.3	1075	461	30	522	1570	48	957	7.65e-152	502
Cre03.g202000.t1.2	tr|A0A835XQ81|A0A835XQ81_9CHLO	35.0	323	169	6	56	377	464	746	3.29e-45	175
Cre03.g207713.t1.1	tr|A0A699Z940|A0A699Z940_HAELA	45.1	324	151	7	435	733	10	331	3.23e-78	253
Cre03.g174500.t1.1	tr|A0A150H2Z6|A0A150H2Z6_GONPE	63.8	426	134	5	1255	1662	24	447	1.60e-160	499
Cre03.g150900.t1.2	tr|A0A835SJE7|A0A835SJE7_9CHLO	37.9	493	266	12	124	612	90	546	7.96e-91	296
Cre03.g161363.t1.2	tr|A0A836BDD8|A0A836BDD8_9CHLO	51.0	813	319	14	124	888	1	782	1.40e-142	439
Cre03.g162701.t1.1	tr|D8TWQ5|D8TWQ5_VOLCA	22.7	607	335	15	892	1434	870	1406	2.50e-18	89.7
Cre03.g201900.t1.1	tr|D8UGC6|D8UGC6_VOLCA	70.7	820	184	5	1	813	1	771	5.43e-321	892
Cre03.g154850.t1.1	tr|A0A7S0UTA5|A0A7S0UTA5_9CHLO	63.5	222	80	1	2	223	12	232	1.85e-101	292
Cre03.g210849.t1.1	tr|A0A2K3DZY1|A0A2K3DZY1_CHLRE	100	1808	0	0	1	1808	1	1808	0.0	2752
Cre03.g201400.t1.2	tr|A0A835SXD2|A0A835SXD2_CHLIN	35.1	205	117	6	496	689	2	201	1.08e-28	115
Cre03.g154250.t1.1	tr|A0A835SW25|A0A835SW25_CHLIN	34.8	394	180	5	730	1052	1699	2086	3.10e-63	232
Cre03.g168150.t1.2	tr|A0A835YDE0|A0A835YDE0_9CHLO	25.2	349	162	13	163	441	1046	1365	2.85e-17	81.3
Cre03.g182100.t1.1	tr|A0A835WIM6|A0A835WIM6_9CHLO	67.0	646	140	10	1	591	1	628	1.17e-246	689
Cre01.g007774.t1.1	tr|D8U574|D8U574_VOLCA	46.5	127	61	2	608	734	1180	1299	9.18e-23	100
Cre01.g014500.t1.1	tr|A0A250X4T6|A0A250X4T6_9CHLO	29.1	182	99	7	197	367	868	1030	2.60e-11	64.3
Cre01.g025700.t1.1	tr|A0A836C725|A0A836C725_9CHLO	30.6	607	335	20	117	666	93	670	7.75e-53	201
Cre01.g066917.t1.1	tr|A0A7S0X1Z1|A0A7S0X1Z1_9CHLO	47.0	234	106	6	28	248	151	379	1.37e-55	179
Cre01.g055600.t1.1	tr|A0A835XQ81|A0A835XQ81_9CHLO	31.7	262	113	5	359	615	546	746	6.53e-21	97.1
Cre01.g031550.t1.1	tr|A8J0Y0|A8J0Y0_CHLRE	75.7	70	1	1	599	668	215	268	4.52e-25	101
Cre01.g006450.t2.1	tr|A0A2J7ZU46|A0A2J7ZU46_9CHLO	52.5	236	110	1	1	236	482	715	1.81e-37	146
Cre01.g006450.t1.2	tr|A0A2J7ZU46|A0A2J7ZU46_9CHLO	52.5	236	110	1	1	236	482	715	2.81e-38	146
Cre01.g055500.t1.1	tr|A0A835SRL9|A0A835SRL9_9CHLO	65.2	1489	363	36	1	1397	1	1426	4.47e-280	847
Cre01.g008100.t1.2	tr|A0A7S0RNC3|A0A7S0RNC3_9CHLO	55.1	107	48	0	12	118	44	150	7.21e-38	147
Cre01.g019700.t1.2	tr|D8U0E1|D8U0E1_VOLCA	37.3	2094	803	41	41	2015	7	1710	2.07e-157	526
Cre01.g006700.t1.2	tr|A0A7S0RF59|A0A7S0RF59_9CHLO	30.8	227	138	6	1	215	97	316	1.24e-20	89.0
Cre01.g050200.t1.2	tr|A8J0Y0|A8J0Y0_CHLRE	77.1	70	0	1	206	275	215	268	1.48e-27	103
Cre01.g035500.t1.2	tr|A0A250WWL2|A0A250WWL2_9CHLO	23.2	237	135	7	932	1123	2750	2984	9.39e-13	69.3
Cre01.g029450.t1.1	tr|A8HXE1|A8HXE1_CHLRE	65.8	76	26	0	597	672	56	131	1.07e-27	106
Cre01.g050900.t1.1	tr|A0A835SRK4|A0A835SRK4_CHLIN	77.2	127	29	0	174	300	17	143	1.99e-68	206
Cre01.g003950.t1.1	tr|A0A835SV97|A0A835SV97_CHLIN	34.0	2884	1306	65	37	2422	472	3256	0.0	1121
Cre01.g003950.t2.1	tr|A0A835SV97|A0A835SV97_CHLIN	34.0	2884	1296	65	37	2412	472	3256	0.0	1124
Cre01.g020400.t1.2	tr|A0A7R9Z0B9|A0A7R9Z0B9_9CHLO	78.3	512	110	1	1	512	1	511	2.71e-232	645
Cre01.g064727.t1.1	tr|A0A2K3DZY1|A0A2K3DZY1_CHLRE	47.7	392	174	6	1455	1819	1239	1626	2.40e-83	300
Cre01.g016100.t1.1	tr|A0A2K3E5R3|A0A2K3E5R3_CHLRE	100	455	0	0	1	455	1	455	0.0	931
Cre01.g038000.t1.1	tr|A0A250X6G6|A0A250X6G6_9CHLO	25.4	228	107	5	1287	1511	100	267	1.19e-11	66.2
Cre01.g052800.t1.1	tr|A0A7S0RME0|A0A7S0RME0_9CHLO	29.8	315	178	10	4	288	805	1106	9.05e-23	101
Cre01.g052800.t2.1	tr|A0A7S0RME0|A0A7S0RME0_9CHLO	30.4	296	163	10	7	272	824	1106	3.53e-20	93.2
Cre01.g038650.t1.2	tr|A0A835WJ60|A0A835WJ60_9CHLO	88.6	271	31	0	1	271	1	271	3.38e-112	321
Cre01.g046237.t1.1	tr|A0A835WI51|A0A835WI51_9CHLO	35.3	156	95	1	2107	2256	2657	2812	7.15e-20	94.0
Cre01.g046237.t2.1	tr|A0A835WI51|A0A835WI51_9CHLO	35.3	156	95	1	2103	2252	2657	2812	7.13e-20	94.0
Cre01.g001800.t1.1	tr|A0A250X6G6|A0A250X6G6_9CHLO	42.0	255	146	2	10	264	15	267	3.60e-61	216
Cre01.g021450.t2.1	tr|A0A2J7ZXP0|A0A2J7ZXP0_9CHLO	57.8	1171	247	13	1	1135	694	1653	0.0	1022
Cre01.g021450.t1.1	tr|A0A2J7ZXP0|A0A2J7ZXP0_9CHLO	58.0	1133	229	13	1	1097	732	1653	0.0	988
Cre01.g021450.t3.1	tr|A0A2J7ZXP0|A0A2J7ZXP0_9CHLO	56.4	1145	256	12	1	1087	694	1653	0.0	979
Cre01.g030700.t1.1	tr|A0A150G2W1|A0A150G2W1_GONPE	36.9	993	413	28	665	1580	474	1329	1.26e-87	310
Cre01.g002824.t1.1	tr|A0A836BS50|A0A836BS50_9CHLO	41.2	354	188	10	18	368	4343	4679	4.38e-77	255
Cre01.g003475.t1.1	tr|A0A835Y1R7|A0A835Y1R7_9CHLO	52.8	481	217	7	61	537	345	819	3.32e-165	491
Cre01.g021700.t1.1	tr|A0A835T9S6|A0A835T9S6_CHLIN	50.3	314	122	6	1655	1964	1308	1591	2.79e-79	288
Cre01.g029900.t1.2	tr|A0A835WJU4|A0A835WJU4_9CHLO	80.7	1528	274	13	1	1522	1	1513	0.0	2231
Cre01.g043850.t1.1	tr|A0A835XJ08|A0A835XJ08_9CHLO	38.8	309	158	3	1866	2143	2677	2985	2.48e-53	204
Cre01.g019300.t1.1	tr|A0A835XJL6|A0A835XJL6_9CHLO	29.3	772	373	24	198	860	22	729	3.13e-41	165
Cre01.g009500.t1.2	tr|A0A150GBS0|A0A150GBS0_GONPE	35.8	371	171	6	42	387	253	581	1.08e-62	225
Cre01.g037751.t1.1	tr|A0A835Y507|A0A835Y507_9CHLO	69.4	62	19	0	3	64	4	65	9.43e-19	87.8
Cre01.g027350.t1.2	tr|A0A835WC66|A0A835WC66_CHLIN	80.2	2127	310	20	4	2081	3	2067	0.0	2518
Cre01.g027350.t2.1	tr|A0A835WC66|A0A835WC66_CHLIN	80.2	2126	310	19	4	2080	3	2067	0.0	2524
Cre01.g027350.t3.1	tr|A0A835WC66|A0A835WC66_CHLIN	80.2	2125	311	19	4	2079	3	2067	0.0	2523
Cre01.g017450.t1.1	tr|A0A835WBN5|A0A835WBN5_CHLIN	83.6	725	116	2	13	734	1	725	0.0	1019
Cre01.g023500.t1.2	tr|A0A835WBW1|A0A835WBW1_CHLIN	57.7	556	162	6	813	1341	564	1073	8.25e-136	443
Cre01.g022450.t1.1	tr|A0A2J8A3M6|A0A2J8A3M6_9CHLO	36.8	296	101	8	37	298	182	425	2.27e-18	81.6
Cre01.g031951.t1.1	tr|A0A150G2Y3|A0A150G2Y3_GONPE	60.8	74	24	2	2612	2685	575	643	1.11e-14	76.3
Cre01.g008850.t1.1	tr|A0A835SNK7|A0A835SNK7_9CHLO	54.0	3204	983	68	496	3401	540	3554	7.05e-264	894
Cre01.g033832.t1.1	tr|A0A836B1T8|A0A836B1T8_CHLIN	89.9	586	57	2	1	585	1	585	0.0	1003
Cre01.g018200.t1.1	tr|A0A835WBP4|A0A835WBP4_CHLIN	65.0	3046	829	38	1	2891	1	2963	0.0	1998
Cre01.g030600.t1.1	tr|A0A150G2W1|A0A150G2W1_GONPE	39.7	509	223	9	1157	1610	849	1328	6.47e-79	283
Cre01.g039750.t1.2	tr|A0A835WCK1|A0A835WCK1_CHLIN	92.3	248	17	2	1	248	1	246	5.58e-162	445
Cre01.g041850.t1.1	tr|A0A2J7ZVY0|A0A2J7ZVY0_9CHLO	43.4	226	91	3	247	468	8	200	5.83e-54	177
Cre01.g006670.t1.1	tr|A0A2J7ZU46|A0A2J7ZU46_9CHLO	40.2	127	63	3	432	558	287	400	2.40e-14	72.4
Cre01.g017400.t1.1	tr|A0A250WRZ5|A0A250WRZ5_9CHLO	27.0	204	99	6	481	634	417	620	9.48e-17	80.5
Cre01.g017400.t2.1	tr|A0A250WRZ5|A0A250WRZ5_9CHLO	27.0	204	99	6	481	634	417	620	9.48e-17	80.5
Cre01.g049900.t1.1	tr|A0A2K3E7Y7|A0A2K3E7Y7_CHLRE	100	445	0	0	1	445	1	445	5.69e-298	805
Cre01.g004124.t1.1	tr|A0A835SV97|A0A835SV97_CHLIN	33.2	2905	1289	63	39	2412	472	3256	0.0	1086
Cre01.g004124.t2.1	tr|A0A835SV97|A0A835SV97_CHLIN	33.1	2900	1297	62	39	2410	472	3256	0.0	1087
Cre01.g048200.t1.1	tr|A0A699ZEB2|A0A699ZEB2_HAELA	38.6	236	104	8	1534	1758	9	214	1.68e-26	106
Cre01.g034950.t1.2	tr|A0A250XJ57|A0A250XJ57_9CHLO	26.6	628	248	14	195	715	431	952	1.46e-47	178
Cre01.g016570.t1.1	tr|A0A250X6G6|A0A250X6G6_9CHLO	30.9	282	167	5	4	284	2	256	7.56e-32	129
Cre01.g006600.t1.2	tr|A0A7S0RF59|A0A7S0RF59_9CHLO	31.8	324	190	8	132	443	12	316	1.64e-35	134
Cre01.g054433.t1.1	tr|A0A2J7ZU46|A0A2J7ZU46_9CHLO	31.2	301	168	8	809	1081	8	297	2.27e-22	99.8
Cre01.g054433.t2.1	tr|A0A2J7ZU46|A0A2J7ZU46_9CHLO	30.2	298	171	7	809	1080	8	294	6.89e-23	101
Cre01.g003524.t1.1	tr|A0A150GBS0|A0A150GBS0_GONPE	29.3	593	254	13	150	661	249	757	5.09e-62	222
Cre01.g011800.t1.1	tr|A0A835XL87|A0A835XL87_9CHLO	54.3	254	96	1	1075	1328	756	989	7.98e-72	257
Cre01.g024650.t1.1	tr|A0A835XJ08|A0A835XJ08_9CHLO	43.1	260	141	6	2375	2632	2698	2952	2.99e-50	194
Cre01.g001600.t1.2	tr|A0A2J7ZMF7|A0A2J7ZMF7_9CHLO	34.5	594	302	20	30	588	106	647	6.30e-60	213
Cre01.g033500.t1.2	tr|A0A2K3DS38|A0A2K3DS38_CHLRE	30.8	568	326	18	28	554	23	564	7.91e-34	132
Cre01.g025400.t1.2	tr|A0A7S0RPR0|A0A7S0RPR0_9CHLO	64.1	195	70	0	4554	4748	2	196	1.01e-75	248
Cre01.g022350.t1.2	tr|A0A250X4U9|A0A250X4U9_9CHLO	42.7	110	63	0	1001	1110	537	646	5.50e-17	83.2
Cre01.g008250.t1.2	tr|A0A2K3E583|A0A2K3E583_CHLRE	100	1127	0	0	1	1127	1	1127	0.0	998
Cre01.g041550.t1.1	tr|A0A835SW25|A0A835SW25_CHLIN	28.6	262	134	5	668	876	1830	2091	6.12e-20	92.4
Cre01.g039101.t1.1	tr|A8J0Y0|A8J0Y0_CHLRE	75.7	70	1	1	291	360	215	268	5.36e-26	101
Cre01.g018550.t1.1	tr|A0A835XG35|A0A835XG35_9CHLO	25.8	957	493	24	766	1659	757	1559	6.46e-36	146
Cre01.g030500.t1.2	tr|A0A835Y443|A0A835Y443_9CHLO	71.9	1290	257	31	3	1255	4	1225	0.0	1603
Cre01.g052550.t1.1	tr|A0A835Y0A4|A0A835Y0A4_9CHLO	56.3	64	28	0	1337	1400	920	983	2.66e-16	80.9
Cre01.g003800.t1.1	tr|A0A250X4T6|A0A250X4T6_9CHLO	42.9	168	90	3	415	576	861	1028	2.02e-31	131
Cre01.g007811.t1.1	tr|D8U574|D8U574_VOLCA	49.0	651	243	12	76	696	58	649	1.08e-158	491
Cre01.g043100.t1.2	tr|A0A699ZY97|A0A699ZY97_HAELA	84.7	85	13	0	130	214	13	97	1.13e-49	154
Cre01.g015451.t1.1	tr|A0A150GII8|A0A150GII8_GONPE	47.3	110	56	1	66	175	19	126	1.45e-18	86.7
Cre01.g024550.t1.1	tr|A0A150GCK9|A0A150GCK9_GONPE	46.3	162	78	4	338	491	211	371	9.52e-36	134
Cre01.g046250.t1.2	tr|A0A2K3E7S9|A0A2K3E7S9_CHLRE	100	618	0	0	1	618	1	618	0.0	911
Cre01.g040200.t1.2	tr|A0A835S917|A0A835S917_CHLIN	30.5	220	132	8	69	284	93	295	4.91e-21	90.9
Cre01.g006628.t2.1	tr|A0A2J7ZU46|A0A2J7ZU46_9CHLO	42.9	77	42	1	5	81	336	410	2.80e-13	61.2
Cre01.g006628.t1.1	tr|A0A2J7ZU46|A0A2J7ZU46_9CHLO	42.9	77	42	1	5	81	336	410	2.80e-13	61.2
Cre01.g034200.t1.1	tr|A0A836C725|A0A836C725_9CHLO	33.3	670	395	18	79	708	18	675	6.79e-78	281
Cre01.g069472.t1.1	tr|A0A835TG42|A0A835TG42_CHLIN	37.9	269	123	4	127	385	181	415	4.11e-48	177
Cre01.g040379.t1.2	tr|A0A7S3QXL8|A0A7S3QXL8_DUNTE	39.0	356	154	6	556	868	100	435	6.00e-61	211
Cre01.g017701.t1.1	tr|A0A2J7ZU46|A0A2J7ZU46_9CHLO	36.9	588	310	11	711	1258	8	574	1.30e-77	270
Cre01.g031004.t1.2	tr|A0A7S0RNC3|A0A7S0RNC3_9CHLO	57.4	108	46	0	56	163	47	154	3.39e-38	147
Cre01.g050451.t1.1	tr|A0A835SR94|A0A835SR94_CHLIN	81.7	865	136	6	1	862	1	846	0.0	1240
Cre01.g015100.t1.1	tr|A8J0Y0|A8J0Y0_CHLRE	75.7	70	1	1	170	239	215	268	4.57e-27	101
Cre01.g045400.t1.1	tr|A8J0Y0|A8J0Y0_CHLRE	100	47	0	0	632	678	215	261	1.21e-24	100
Cre01.g045400.t2.1	tr|A8J0Y0|A8J0Y0_CHLRE	100	47	0	0	492	538	215	261	8.20e-25	100
Cre01.g064362.t1.1	tr|A0A2K3DZY1|A0A2K3DZY1_CHLRE	47.5	398	183	8	1567	1946	1239	1628	1.03e-86	311
Cre01.g040150.t1.2	tr|A0A835S917|A0A835S917_CHLIN	33.0	221	127	8	68	284	93	296	6.07e-23	96.7
Cre01.g030100.t1.1	tr|A0A150G2W1|A0A150G2W1_GONPE	44.5	427	173	13	1426	1808	922	1328	1.97e-72	263
Cre01.g030100.t2.1	tr|A0A150G2W1|A0A150G2W1_GONPE	44.5	427	173	13	1425	1807	922	1328	1.96e-72	263
Cre01.g007651.t1.1	tr|A0A835XMM8|A0A835XMM8_9CHLO	53.1	1076	360	15	2	1028	24	1003	8.40e-156	488
Cre01.g023600.t1.2	tr|A0A836B2J9|A0A836B2J9_CHLIN	42.5	452	170	6	23	474	38	399	1.30e-90	280
Cre01.g040050.t1.1	tr|A0A7S3VV62|A0A7S3VV62_DUNTE	35.1	393	101	6	114	415	54	383	7.05e-59	194
Cre01.g006202.t1.1	tr|A8J0Y0|A8J0Y0_CHLRE	93.5	46	3	0	716	761	215	260	2.43e-22	94.0
Cre01.g042450.t1.1	tr|A0A836BUT8|A0A836BUT8_9CHLO	29.0	193	127	3	2170	2358	3694	3880	2.66e-14	75.9
Cre01.g008550.t1.1	tr|A0A7S0RME0|A0A7S0RME0_9CHLO	52.4	359	165	2	222	575	756	1113	3.07e-118	373
Cre01.g036900.t1.1	tr|A0A835XL87|A0A835XL87_9CHLO	50.2	251	107	4	701	943	751	991	4.90e-64	230
Cre01.g001678.t1.1	tr|A0A2K3DZY1|A0A2K3DZY1_CHLRE	33.8	447	188	11	869	1266	1236	1623	1.70e-53	202
Cre01.g001678.t2.1	tr|A0A2K3DZY1|A0A2K3DZY1_CHLRE	33.8	447	188	11	845	1242	1236	1623	1.60e-53	202
Cre01.g055966.t1.1	tr|A0A2J8A5D8|A0A2J8A5D8_9CHLO	44.5	137	71	3	1318	1452	711	844	1.49e-23	105
Cre01.g052750.t1.1	tr|A0A835Y0L8|A0A835Y0L8_9CHLO	37.2	344	171	7	3290	3618	2092	2405	3.48e-44	175
Cre01.g029850.t1.2	tr|A0A2K3DFR1|A0A2K3DFR1_CHLRE	26.9	301	167	8	118	414	3	254	2.72e-26	110
Cre01.g002787.t1.1	tr|A0A836BS50|A0A836BS50_9CHLO	40.5	4369	2012	115	105	4294	11	3978	0.0	2547
Cre01.g010880.t1.1	tr|A0A7S3VPE2|A0A7S3VPE2_DUNTE	47.8	787	252	7	158	789	55	837	4.97e-244	704
Cre01.g046324.t1.1	tr|A0A835Y2D3|A0A835Y2D3_9CHLO	45.6	1171	441	17	1	1099	1	1047	3.14e-222	688
Cre01.g021400.t1.2	tr|A0A2J7ZXP0|A0A2J7ZXP0_9CHLO	47.3	721	168	12	1	543	1	687	1.95e-87	291
Cre01.g002201.t1.2	tr|A0A250XR90|A0A250XR90_9CHLO	36.1	249	103	1	4	252	3	195	8.40e-36	142
Cre01.g002201.t2.1	tr|A0A250XR90|A0A250XR90_9CHLO	36.1	249	103	1	4	252	3	195	8.38e-36	142
Cre01.g005126.t1.1	tr|A8J0Y0|A8J0Y0_CHLRE	73.5	68	2	1	1	68	217	268	1.78e-27	96.3
Cre01.g035550.t1.1	tr|A0A2J8A3M6|A0A2J8A3M6_9CHLO	31.8	330	155	7	39	326	139	440	1.08e-26	111
Cre01.g019100.t1.2	tr|A0A150H2W0|A0A150H2W0_GONPE	29.1	275	158	4	73	314	92	362	1.57e-32	120
Cre01.g023450.t1.2	tr|A0A835WBW1|A0A835WBW1_CHLIN	37.6	580	290	12	442	971	570	1127	6.77e-51	191
Cre01.g024000.t1.1	tr|A0A835WBW1|A0A835WBW1_CHLIN	48.2	224	81	4	421	640	555	747	2.42e-43	164
Cre01.g040850.t1.2	tr|A0A835Y0L8|A0A835Y0L8_9CHLO	36.4	269	155	6	1513	1777	2166	2422	1.92e-34	141
Cre01.g040850.t2.1	tr|A0A835Y0L8|A0A835Y0L8_9CHLO	37.3	263	144	6	1513	1760	2166	2422	7.30e-34	139
Cre01.g030850.t1.2	tr|A0A7S0YIX0|A0A7S0YIX0_9CHLO	36.6	172	109	0	5	176	8	179	7.63e-31	111
Cre01.g052850.t1.1	tr|A0A7S0RME0|A0A7S0RME0_9CHLO	30.4	276	155	7	5	251	839	1106	2.10e-24	107
Cre01.g001200.t1.1	tr|A0A150G2W1|A0A150G2W1_GONPE	37.4	522	219	9	1745	2239	884	1324	1.71e-59	223
Cre01.g024800.t1.1	tr|A0A836BR11|A0A836BR11_9CHLO	37.9	314	166	10	2374	2668	576	879	4.03e-45	175
Cre01.g034150.t1.1	tr|A0A2K3DSM2|A0A2K3DSM2_CHLRE	27.8	818	319	9	37	582	4	821	2.91e-79	289
Cre01.g002861.t1.1	tr|A0A836BS50|A0A836BS50_9CHLO	41.9	2539	1244	35	166	2522	5212	7700	0.0	1881
Cre01.g015300.t1.1	tr|A0A150GII8|A0A150GII8_GONPE	36.9	203	108	4	43	237	19	209	1.34e-25	107
Cre01.g025200.t1.2	tr|A0A2K3D7X9|A0A2K3D7X9_CHLRE	41.0	422	227	10	52	461	74	485	3.15e-98	306
Cre01.g021600.t1.2	tr|A0A835SZ11|A0A835SZ11_CHLIN	43.1	408	221	7	105	506	670	1072	5.95e-96	318
Cre01.g039500.t1.2	tr|A0A2J7ZSA6|A0A2J7ZSA6_9CHLO	41.4	898	406	19	56	907	378	1201	1.42e-172	563
Cre01.g048950.t1.2	tr|A0A150GYQ4|A0A150GYQ4_GONPE	88.7	520	51	3	1	514	1	518	8.10e-321	870
Cre01.g039650.t1.2	tr|A0A835WCK1|A0A835WCK1_CHLIN	92.9	155	11	0	3	157	92	246	8.46e-103	291
Cre01.g004157.t1.2	tr|A0A835SV97|A0A835SV97_CHLIN	33.3	2862	1357	54	60	2485	499	3267	0.0	1038
Cre01.g015103.t1.2	tr|A0A836C725|A0A836C725_9CHLO	27.8	634	361	16	217	820	111	677	8.78e-48	186
Cre01.g052150.t1.1	tr|A0A835WDN6|A0A835WDN6_CHLIN	49.6	405	172	6	310	682	49	453	8.75e-115	388
Cre01.g010750.t1.2	tr|A0A2K3DED8|A0A2K3DED8_CHLRE	61.2	67	26	0	924	990	511	577	4.51e-18	87.0
Cre01.g066187.t1.1	tr|D8TM90|D8TM90_VOLCA	42.2	102	59	0	3	104	9	110	6.13e-18	81.3
Cre01.g028200.t1.1	tr|A0A835SZ11|A0A835SZ11_CHLIN	45.8	356	188	3	12	363	648	1002	5.91e-92	310
Cre01.g028200.t2.1	tr|A0A835SZ11|A0A835SZ11_CHLIN	47.2	415	214	3	12	422	648	1061	4.46e-119	376
Cre01.g037100.t1.1	tr|A0A835XL87|A0A835XL87_9CHLO	28.6	161	105	4	166	323	827	980	1.10e-12	67.4
Cre01.g012200.t1.1	tr|A0A150FVP1|A0A150FVP1_GONPE	33.5	996	422	22	53	1003	10	810	4.00e-94	327
Cre01.g012200.t2.1	tr|A0A150FVP1|A0A150FVP1_GONPE	33.5	996	422	22	53	1003	10	810	3.97e-94	327
Cre01.g036700.t1.2	tr|A0A835SCQ1|A0A835SCQ1_CHLIN	26.8	239	139	8	104	326	90	308	3.76e-18	85.5
Cre01.g036600.t1.2	tr|A0A835WCG8|A0A835WCG8_CHLIN	77.9	610	93	6	3	599	5	585	2.90e-310	857
Cre01.g001700.t1.1	tr|A0A2K3DZY1|A0A2K3DZY1_CHLRE	49.4	170	85	1	1352	1520	1454	1623	3.74e-43	169
Cre01.g003250.t1.1	tr|A8J0Y0|A8J0Y0_CHLRE	75.7	70	1	1	417	486	215	268	2.15e-25	101
Cre01.g072027.t1.1	tr|A0A2J7ZU46|A0A2J7ZU46_9CHLO	30.5	292	166	7	809	1074	8	288	8.16e-22	97.8
Cre01.g001300.t1.1	tr|A0A835SKW2|A0A835SKW2_CHLIN	47.6	254	129	1	4709	4962	4435	4684	6.47e-55	211
Cre01.g010000.t1.2	tr|A0A7S0RME0|A0A7S0RME0_9CHLO	28.5	316	188	10	57	346	804	1107	8.09e-24	100
Cre01.g040650.t1.1	tr|A0A835Y0L8|A0A835Y0L8_9CHLO	36.4	269	155	6	689	953	2166	2422	7.77e-35	141
Cre01.g040650.t2.1	tr|A0A835Y0L8|A0A835Y0L8_9CHLO	37.3	263	144	6	689	936	2166	2422	2.93e-34	139
Cre01.g040650.t3.1	tr|A0A835Y0L8|A0A835Y0L8_9CHLO	37.3	263	144	6	689	936	2166	2422	2.93e-34	139
Cre01.g020850.t1.1	tr|A0A835YBW2|A0A835YBW2_9CHLO	40.7	189	100	4	2037	2221	2104	2284	9.12e-30	126
Cre01.g023787.t1.1	tr|A0A250XJ57|A0A250XJ57_9CHLO	35.5	231	112	6	99	325	424	621	9.94e-31	121
Cre01.g011850.t2.1	tr|A0A835XL87|A0A835XL87_9CHLO	54.3	254	96	1	1074	1327	756	989	7.89e-72	257
Cre01.g011850.t1.1	tr|A0A835XL87|A0A835XL87_9CHLO	54.3	254	96	1	1074	1327	756	989	7.89e-72	257
Cre01.g032850.t1.1	tr|A0A150G2W1|A0A150G2W1_GONPE	36.9	816	367	23	842	1553	557	1328	2.66e-88	312
Cre01.g055453.t1.1	tr|D8TQ30|D8TQ30_VOLCA	71.0	497	126	7	1	491	1	485	7.02e-228	632
Cre01.g015600.t1.1	tr|A0A250XJ57|A0A250XJ57_9CHLO	32.3	350	217	7	1378	1715	6	347	2.48e-39	157
Cre01.g006614.t1.1	tr|A0A2J7ZU46|A0A2J7ZU46_9CHLO	30.6	530	302	14	19	523	10	498	1.39e-35	137
Cre01.g024750.t1.1	tr|A0A835XJ08|A0A835XJ08_9CHLO	44.1	263	124	8	2340	2592	2697	2946	2.20e-50	194
Cre01.g003850.t1.1	tr|A0A835TCJ4|A0A835TCJ4_CHLIN	23.6	458	262	17	28	438	289	705	1.07e-13	70.5
Cre10.g427900.t1.1	tr|A0A835XG35|A0A835XG35_9CHLO	30.6	1849	780	45	12	1734	88	1559	6.99e-163	534
Cre10.g444044.t1.1	tr|A0A2J7ZU46|A0A2J7ZU46_9CHLO	38.1	590	322	11	709	1278	8	574	1.25e-84	290
Cre10.g423600.t1.1	tr|A0A2J7ZSA6|A0A2J7ZSA6_9CHLO	36.8	921	432	25	57	966	378	1159	4.05e-139	478
Cre10.g462350.t1.1	tr|A0A836BR11|A0A836BR11_9CHLO	49.8	293	129	6	733	1020	575	854	1.05e-74	263
Cre10.g451450.t1.1	tr|A0A2K3DZY1|A0A2K3DZY1_CHLRE	48.7	187	76	4	1735	1915	1454	1626	4.05e-43	169
Cre10.g453800.t1.1	tr|A0A2K3DS38|A0A2K3DS38_CHLRE	33.4	664	261	25	76	605	17	633	5.11e-56	198
Cre10.g454450.t1.1	tr|A0A835SXD2|A0A835SXD2_CHLIN	90.7	375	21	3	129	491	1	373	3.99e-232	638
Cre10.g454450.t2.1	tr|A0A835SXD2|A0A835SXD2_CHLIN	92.9	325	11	2	129	441	1	325	1.49e-207	574
Cre10.g433550.t1.1	tr|A0A2K3DA15|A0A2K3DA15_CHLRE	100	2224	0	0	1	2224	1	2224	0.0	3141
Cre10.g427896.t1.2	tr|A8J0Y0|A8J0Y0_CHLRE	97.8	45	1	0	1	45	217	261	1.37e-26	94.0
Cre10.g428734.t1.1	tr|A0A150GII8|A0A150GII8_GONPE	48.6	105	50	1	9	113	1	101	4.40e-18	85.1
Cre10.g428650.t1.2	tr|A0A2K3DFR1|A0A2K3DFR1_CHLRE	29.9	274	172	6	195	468	2	255	1.18e-37	147
Cre10.g418100.t1.1	tr|A0A7S0YIX0|A0A7S0YIX0_9CHLO	32.3	229	148	3	5	232	8	230	6.55e-33	117
Cre10.g456350.t1.2	tr|A0A836B760|A0A836B760_9CHLO	77.6	1560	297	17	1	1520	1	1547	0.0	1924
Cre10.g439700.t1.2	tr|A0A699YGA3|A0A699YGA3_HAELA	71.9	178	50	0	179	356	324	501	3.94e-83	261
Cre10.g442050.t1.1	tr|A0A2J7ZG16|A0A2J7ZG16_9CHLO	51.8	365	170	3	200	560	6	368	7.42e-119	369
Cre10.g465450.t1.2	tr|D8UA16|D8UA16_VOLCA	46.2	758	268	14	124	863	80	715	5.51e-163	511
Cre10.g449750.t1.1	tr|A0A835Y416|A0A835Y416_9CHLO	48.5	24360	8414	600	116	23859	120	20967	0.0	14120
Cre10.g431950.t1.2	tr|A0A2K3DZY1|A0A2K3DZY1_CHLRE	40.1	424	215	6	910	1298	1204	1623	1.08e-68	251
Cre10.g427950.t1.1	tr|A0A835XG35|A0A835XG35_9CHLO	30.9	1768	793	44	47	1679	86	1559	1.03e-162	533
Cre10.g462300.t1.1	tr|D8TU89|D8TU89_VOLCA	59.9	786	238	15	3	745	9	760	8.14e-237	686
Cre10.g449650.t1.1	tr|A0A835WLJ1|A0A835WLJ1_9CHLO	27.9	301	183	8	8	296	1	279	1.06e-16	81.6
Cre10.g457050.t1.1	tr|A0A2K3DKL9|A0A2K3DKL9_CHLRE	42.9	438	199	9	107	540	280	670	2.90e-88	291
Cre10.g446850.t1.1	tr|A0A835Y3R0|A0A835Y3R0_9CHLO	32.6	824	398	23	4391	5202	812	1490	2.98e-82	301
Cre10.g445226.t1.1	tr|A0A2J7ZU46|A0A2J7ZU46_9CHLO	29.9	605	361	17	963	1546	11	573	1.35e-39	155
Cre10.g465793.t1.1	tr|A0A2J7ZU46|A0A2J7ZU46_9CHLO	29.2	291	187	6	1219	1491	8	297	2.18e-20	94.0
Cre10.g467200.t1.1	tr|A0A250WWL2|A0A250WWL2_9CHLO	39.9	2147	1044	46	1235	3282	1079	3077	0.0	1312
Cre10.g453350.t1.2	tr|A0A250X9Q3|A0A250X9Q3_9CHLO	31.9	474	155	12	22	484	33	349	4.41e-56	196
Cre10.g458000.t1.2	tr|A0A835WWV1|A0A835WWV1_9CHLO	32.3	467	271	10	69	499	7	464	3.20e-65	229
Cre10.g463500.t1.1	tr|A0A835SCQ1|A0A835SCQ1_CHLIN	37.2	285	155	7	664	943	43	308	7.15e-34	136
Cre10.g456554.t1.2	tr|A0A2K3DLK9|A0A2K3DLK9_CHLRE	36.5	233	138	5	25	251	169	397	3.24e-26	102
Cre10.g453700.t1.1	tr|A0A2K3DS38|A0A2K3DS38_CHLRE	34.5	652	258	20	71	595	15	624	1.84e-65	223
Cre10.g463750.t1.1	tr|A0A835YBW2|A0A835YBW2_9CHLO	46.1	217	111	2	1864	2078	2075	2287	3.84e-49	190
Cre10.g453766.t1.1	tr|A0A2K3DS38|A0A2K3DS38_CHLRE	34.8	632	252	22	3	513	41	633	6.99e-54	189
Cre10.g462816.t1.1	tr|A0A835XNU3|A0A835XNU3_9CHLO	36.0	164	72	4	143	301	61	196	9.59e-20	88.6
Cre10.g427750.t1.2	tr|A0A835XQ81|A0A835XQ81_9CHLO	37.5	320	188	9	54	368	464	776	2.44e-41	160
Cre10.g453050.t1.2	tr|A0A150FVY4|A0A150FVY4_GONPE	61.9	278	101	2	1	278	1	273	1.99e-110	328
Cre10.g453050.t2.1	tr|A0A150FVY4|A0A150FVY4_GONPE	61.9	278	101	2	1	278	1	273	1.99e-110	328
Cre10.g465300.t1.1	tr|A0A836C725|A0A836C725_9CHLO	36.5	293	139	8	671	952	415	671	1.52e-29	126
Cre10.g449850.t1.1	tr|A0A835WLJ1|A0A835WLJ1_9CHLO	63.6	1430	379	20	17	1411	2	1325	9.50e-321	935
Cre10.g463934.t1.1	tr|A0A2J7ZU46|A0A2J7ZU46_9CHLO	31.2	301	168	8	313	585	8	297	7.38e-23	99.8
Cre10.g463934.t2.1	tr|A0A2J7ZU46|A0A2J7ZU46_9CHLO	30.2	298	171	7	313	584	8	294	1.78e-23	101
Cre10.g434850.t1.1	tr|A0A835STC1|A0A835STC1_CHLIN	59.7	2979	991	50	1	2870	1	2878	0.0	1542
Cre10.g453400.t1.1	tr|A0A835Y2D4|A0A835Y2D4_9CHLO	42.0	441	167	2	2358	2709	1555	1995	9.79e-89	320
Cre10.g431250.t1.1	tr|A0A835T9S6|A0A835T9S6_CHLIN	44.8	375	125	6	1809	2182	1301	1594	8.92e-82	296
Cre10.g453750.t1.1	tr|A0A2K3DS38|A0A2K3DS38_CHLRE	37.1	603	254	23	61	576	1	565	1.75e-66	225
Cre10.g451600.t1.1	tr|A0A836BS50|A0A836BS50_9CHLO	38.3	7835	3974	189	14	7463	361	7698	0.0	4526
Cre10.g451600.t2.1	tr|A0A836BS50|A0A836BS50_9CHLO	37.1	4520	2312	118	14	4345	361	4533	0.0	2363
Cre10.g451600.t3.1	tr|A0A836BS50|A0A836BS50_9CHLO	39.8	3275	1627	70	2	3079	4573	7698	0.0	2133
Cre10.g450879.t1.2	tr|A0A2J7ZQ50|A0A2J7ZQ50_9CHLO	87.7	179	22	0	101	279	1	179	9.91e-104	310
Cre10.g424700.t1.1	tr|A0A2K3CWU5|A0A2K3CWU5_CHLRE	43.3	358	113	3	617	885	680	1036	6.37e-72	257
Cre10.g430950.t1.1	tr|A0A835WI51|A0A835WI51_9CHLO	36.6	142	89	1	474	614	2301	2442	1.48e-19	92.4
Cre10.g445347.t1.1	tr|A0A7S0RF59|A0A7S0RF59_9CHLO	35.8	226	132	3	2	227	15	227	4.44e-35	125
Cre10.g424775.t1.1	tr|A0A150H1Z0|A0A150H1Z0_GONPE	75.4	836	129	5	209	1033	3	772	0.0	1087
Cre10.g424775.t2.1	tr|A0A150H1Z0|A0A150H1Z0_GONPE	75.4	836	129	5	9	833	3	772	0.0	1087
Cre10.g418950.t1.1	tr|A0A835XQ81|A0A835XQ81_9CHLO	36.8	340	159	10	66	404	462	746	1.88e-43	167
Cre10.g418950.t2.1	tr|A0A835XQ81|A0A835XQ81_9CHLO	36.8	340	159	10	66	404	462	746	1.87e-43	167
Cre10.g429750.t1.1	tr|A0A836C3S8|A0A836C3S8_9CHLO	65.0	2922	797	41	1	2865	1	2752	0.0	2951
Cre10.g444850.t1.1	tr|A0A835YD45|A0A835YD45_9CHLO	27.8	284	175	6	3128	3401	520	783	2.36e-14	76.6
Cre10.g420450.t1.2	tr|A0A150GV79|A0A150GV79_GONPE	32.8	900	449	26	235	1112	1	766	2.66e-125	401
Cre10.g433350.t1.1	tr|A0A150FVP1|A0A150FVP1_GONPE	51.2	86	41	1	82	167	715	799	9.01e-18	87.4
Cre10.g464950.t1.1	tr|A0A835XZ22|A0A835XZ22_9CHLO	52.2	1226	434	15	375	1535	331	1469	3.99e-291	867
Cre10.g458350.t1.1	tr|A0A836BS50|A0A836BS50_9CHLO	35.6	8721	4137	244	132	8568	11	7528	0.0	4054
Cre10.g458350.t2.1	tr|A0A836BS50|A0A836BS50_9CHLO	35.6	8721	4136	245	132	8566	11	7528	0.0	4047
Cre10.g458350.t3.1	tr|A0A836BS50|A0A836BS50_9CHLO	35.6	8715	4137	243	132	8562	11	7528	0.0	4059
Cre10.g450300.t1.1	tr|A0A150GII8|A0A150GII8_GONPE	28.9	450	253	13	41	478	19	413	1.55e-21	95.1
Cre10.g464800.t1.2	tr|A0A835SUQ0|A0A835SUQ0_CHLIN	71.8	2124	455	37	29	2074	28	2085	0.0	2323
Cre10.g421900.t1.1	tr|A0A835SKW2|A0A835SKW2_CHLIN	45.2	281	147	4	3209	3488	4436	4710	3.02e-58	221
Cre10.g425900.t1.2	tr|A0A7S0X1Z1|A0A7S0X1Z1_9CHLO	35.9	223	105	11	37	233	173	383	1.12e-25	100
Cre10.g465900.t1.2	tr|A0A2K3DFR1|A0A2K3DFR1_CHLRE	30.4	289	168	6	1	289	2	257	2.18e-32	124
Cre10.g457297.t1.1	tr|A0A2K3DS38|A0A2K3DS38_CHLRE	41.6	173	77	4	75	231	19	183	9.36e-23	100
Cre10.g465550.t1.1	tr|A0A2J8AHR3|A0A2J8AHR3_9CHLO	41.3	167	62	5	601	751	227	373	5.01e-27	114
Cre10.g420900.t1.2	tr|A0A250X4U9|A0A250X4U9_9CHLO	38.8	379	221	6	272	646	292	663	2.72e-58	213
Cre10.g436800.t1.1	tr|A0A835T2H6|A0A835T2H6_CHLIN	40.8	4294	2185	118	61	4197	2	4097	0.0	2678
Cre10.g436800.t2.1	tr|A0A835T2H6|A0A835T2H6_CHLIN	40.8	4294	2185	118	61	4197	2	4097	0.0	2678
Cre10.g427700.t1.2	tr|A0A835SZ11|A0A835SZ11_CHLIN	40.4	401	225	7	149	545	679	1069	2.60e-82	280
Cre10.g423650.t1.2	tr|A0A7S3QWJ3|A0A7S3QWJ3_DUNTE	41.6	137	79	1	40	175	9	145	1.57e-30	105
Cre10.g430050.t1.2	tr|A0A7S3VLF3|A0A7S3VLF3_DUNTE	59.3	231	82	2	3	223	2	230	3.94e-89	259
Cre10.g464750.t1.2	tr|A0A835Y5Y4|A0A835Y5Y4_9CHLO	45.4	293	105	3	1	242	386	674	4.82e-58	192
Cre10.g453707.t1.1	tr|A0A2K3DS38|A0A2K3DS38_CHLRE	35.5	665	271	22	68	613	8	633	2.34e-72	242
Cre10.g446250.t1.1	tr|A0A7S0X0W8|A0A7S0X0W8_9CHLO	34.8	253	137	4	864	1107	202	435	2.67e-31	127
Cre10.g422900.t1.1	tr|A0A835YDE0|A0A835YDE0_9CHLO	31.0	268	143	7	1277	1542	1141	1368	1.01e-26	115
Cre10.g432150.t1.2	tr|A0A7S0RME0|A0A7S0RME0_9CHLO	40.8	142	69	3	236	363	966	1106	6.71e-17	83.6
Cre10.g464550.t1.2	tr|A0A835XJ08|A0A835XJ08_9CHLO	30.3	393	149	11	1001	1357	2698	3001	5.24e-33	136
Cre10.g428706.t1.1	tr|A0A150GII8|A0A150GII8_GONPE	38.5	239	106	6	50	255	24	254	4.32e-25	106
Cre10.g437300.t1.1	tr|A0A835VXG9|A0A835VXG9_CHLIN	55.7	4184	1321	93	97	4089	70	3907	0.0	2779
Cre10.g456600.t1.1	tr|A0A835XY76|A0A835XY76_9CHLO	35.6	1032	516	28	21	1015	23	942	3.67e-143	466
Cre10.g439300.t1.2	tr|A0A150GII8|A0A150GII8_GONPE	26.7	491	243	21	250	712	56	457	2.40e-12	66.6
Cre10.g425150.t1.1	tr|A0A2K3DS38|A0A2K3DS38_CHLRE	35.5	650	288	22	14	561	13	633	9.37e-68	228
Cre10.g460700.t1.1	tr|A0A2K3D4E1|A0A2K3D4E1_CHLRE	46.4	97	47	2	166	259	337	431	7.34e-14	69.7
Cre10.g457400.t1.1	tr|A0A835T7X8|A0A835T7X8_CHLIN	33.1	3567	1644	83	17	3233	8	3157	0.0	1227
Cre10.g431050.t1.1	tr|A0A835VY86|A0A835VY86_CHLIN	36.5	115	49	3	1357	1469	2140	2232	3.36e-11	65.1
Cre10.g431050.t2.1	tr|A0A835VY86|A0A835VY86_CHLIN	36.5	115	49	3	1357	1469	2140	2232	3.36e-11	65.1
Cre10.g432950.t1.1	tr|A0A2K3DS38|A0A2K3DS38_CHLRE	27.4	572	309	15	63	545	10	564	5.30e-22	97.4
Cre10.g418600.t1.1	tr|A0A1W5IVS0|A0A1W5IVS0_9CHLO	45.3	75	36	1	1221	1290	366	440	3.49e-16	80.1
Cre10.g453782.t1.1	tr|A0A2K3DS38|A0A2K3DS38_CHLRE	33.8	524	228	20	27	440	119	633	1.86e-38	144
Cre10.g450700.t1.1	tr|A8J0Y0|A8J0Y0_CHLRE	75.7	70	1	1	439	508	215	268	2.49e-25	101
Cre10.g453807.t1.2	tr|A0A7S3QLH0|A0A7S3QLH0_DUNTE	48.9	515	190	9	57	528	73	557	3.64e-151	443
Cre10.g453807.t2.1	tr|A0A7S3QLH0|A0A7S3QLH0_DUNTE	50.2	506	188	8	57	519	73	557	1.64e-155	454
Cre10.g432250.t1.1	tr|A0A2K3DFR1|A0A2K3DFR1_CHLRE	27.8	281	135	8	1	280	2	215	7.07e-19	89.7
Cre10.g427850.t1.1	tr|A0A836C3S8|A0A836C3S8_9CHLO	29.7	3352	1600	74	43	3331	49	2708	3.46e-257	851
Cre10.g451850.t1.1	tr|A0A7S0X0W8|A0A7S0X0W8_9CHLO	42.9	233	115	4	334	550	205	435	1.07e-43	161
Cre10.g428150.t1.1	tr|A0A150FX62|A0A150FX62_GONPE	77.1	490	105	3	139	625	4	489	4.00e-261	722
Cre10.g450050.t1.1	tr|A0A835WWV1|A0A835WWV1_9CHLO	36.6	388	225	7	208	587	76	450	6.82e-64	225
Cre10.g452400.t1.2	tr|A0A2J8A3M6|A0A2J8A3M6_9CHLO	29.7	370	203	13	362	718	320	645	1.01e-21	96.3
Cre10.g436100.t1.1	tr|A0A835YGD6|A0A835YGD6_9CHLO	59.8	1092	369	18	1	1067	1	1047	0.0	1120
Cre10.g436100.t2.1	tr|A0A835YGD6|A0A835YGD6_9CHLO	59.9	1091	369	17	1	1066	1	1047	0.0	1122
Cre10.g445275.t1.1	tr|A0A7S0RF59|A0A7S0RF59_9CHLO	35.8	229	134	3	130	358	12	227	5.70e-35	128
Cre10.g465763.t1.1	tr|A8J0Y0|A8J0Y0_CHLRE	97.9	47	1	0	136	182	215	261	1.91e-26	99.0
Cre10.g453300.t1.1	tr|A0A2K3DS38|A0A2K3DS38_CHLRE	33.9	675	263	22	76	626	18	633	1.18e-59	207
Cre10.g420537.t1.2	tr|A0A2K3DS38|A0A2K3DS38_CHLRE	41.5	176	77	3	66	231	6	165	2.29e-26	111
Cre10.g464100.t1.2	tr|A0A2K3DFR1|A0A2K3DFR1_CHLRE	35.3	258	154	5	127	384	11	255	1.25e-40	158
Cre10.g427600.t1.2	tr|A0A7S0X0W8|A0A7S0X0W8_9CHLO	39.7	267	131	5	264	519	202	449	6.05e-51	180
Cre10.g460100.t1.2	tr|A0A2J7ZSA6|A0A2J7ZSA6_9CHLO	32.5	1038	399	23	81	1102	371	1122	3.82e-113	397
Cre10.g447700.t1.1	tr|A0A2K3DLN4|A0A2K3DLN4_CHLRE	30.7	560	281	16	913	1409	463	978	5.40e-34	140
Cre10.g437150.t1.2	tr|A0A2J7ZTU8|A0A2J7ZTU8_9CHLO	46.7	105	56	0	205	309	107	211	7.79e-22	91.7
Cre10.g422201.t1.1	tr|A0A150H1Z0|A0A150H1Z0_GONPE	39.7	856	379	13	189	1001	4	765	1.46e-132	419
Cre10.g421550.t1.1	tr|A0A150FVP1|A0A150FVP1_GONPE	53.4	58	27	0	7	64	742	799	3.33e-13	71.2
Cre10.g421550.t2.1	tr|A0A150FVP1|A0A150FVP1_GONPE	53.4	58	27	0	7	64	742	799	3.33e-13	71.2
Cre10.g436200.t1.1	tr|A0A250WQA8|A0A250WQA8_9CHLO	30.8	455	221	12	1702	2099	1148	1565	5.93e-35	144
Cre10.g465650.t1.2	tr|A0A2J7ZSA6|A0A2J7ZSA6_9CHLO	30.5	924	483	32	725	1577	368	1203	4.26e-68	252
Cre10.g434500.t1.1	tr|A0A835SCQ1|A0A835SCQ1_CHLIN	38.9	95	54	2	1084	1175	215	308	7.96e-15	75.9
Cre10.g451250.t1.1	tr|A0A2K3DYX1|A0A2K3DYX1_CHLRE	36.9	255	145	4	2791	3033	1572	1822	6.81e-31	131
Cre10.g438600.t1.2	tr|A0A2K3DAC3|A0A2K3DAC3_CHLRE	100	62	0	0	1	62	1	62	1.70e-36	113
Cre10.g440350.t1.1	tr|A0A7R9V637|A0A7R9V637_9CHLO	39.9	228	122	6	53	279	5	218	4.11e-38	139
Cre10.g445700.t1.1	tr|A0A835YDE0|A0A835YDE0_9CHLO	38.7	194	111	3	738	930	1175	1361	3.37e-32	134
Cre10.g421350.t1.2	tr|D8UIL6|D8UIL6_VOLCA	24.4	427	222	16	196	551	161	557	2.01e-17	82.4
Cre10.g464776.t1.1	tr|A0A835SUQ0|A0A835SUQ0_CHLIN	81.8	55	7	1	1	52	2020	2074	6.69e-22	83.2
Cre10.g419450.t1.1	tr|A0A835XJ08|A0A835XJ08_9CHLO	30.4	270	130	9	805	1067	2698	2916	5.88e-23	103
Cre10.g466400.t1.1	tr|A0A2J8ACB6|A0A2J8ACB6_9CHLO	35.0	374	110	11	7	365	15	270	5.90e-33	122
Cre10.g466400.t2.1	tr|A0A2J8ACB6|A0A2J8ACB6_9CHLO	36.4	360	110	11	7	351	15	270	3.34e-35	127
Cre10.g429050.t1.1	tr|A0A150H358|A0A150H358_GONPE	77.4	318	67	1	1947	2264	1156	1468	1.80e-146	494
Cre10.g423200.t1.1	tr|A0A835YDE0|A0A835YDE0_9CHLO	26.5	359	214	7	755	1105	1052	1368	1.16e-25	111
Cre10.g439150.t1.2	tr|A0A7S0X0W8|A0A7S0X0W8_9CHLO	32.5	240	141	7	174	398	202	435	1.31e-28	114
Cre10.g425000.t1.1	tr|A0A835SW25|A0A835SW25_CHLIN	39.6	480	149	9	1196	1602	1694	2105	2.13e-78	286
Cre10.g420650.t1.2	tr|A0A2J7ZSA6|A0A2J7ZSA6_9CHLO	38.1	949	399	22	70	958	382	1202	2.43e-141	484
Cre10.g426050.t1.2	tr|A0A7S3QLH0|A0A7S3QLH0_DUNTE	40.7	167	97	2	396	561	322	487	4.15e-30	121
Cre10.g457700.t1.2	tr|A0A150GBS0|A0A150GBS0_GONPE	33.8	269	140	6	28	288	265	503	1.48e-34	131
Cre10.g437800.t1.1	tr|A0A836C725|A0A836C725_9CHLO	26.6	759	401	24	74	771	7	670	1.53e-36	148
Cre10.g466900.t1.2	tr|A0A2K3DJF0|A0A2K3DJF0_CHLRE	60.6	94	26	2	1	90	1	87	2.58e-22	89.4
Cre10.g434900.t1.1	tr|D8U4H2|D8U4H2_VOLCA	26.6	503	309	8	139	602	43	524	1.69e-34	134
Cre10.g443300.t1.2	tr|A0A250X6G6|A0A250X6G6_9CHLO	40.7	258	142	5	2	257	7	255	9.60e-60	210
Cre10.g457550.t1.2	tr|A0A150GAV7|A0A150GAV7_GONPE	73.6	212	34	1	51	262	25	214	3.24e-97	288
Cre10.g424300.t1.2	tr|A0A835XQ81|A0A835XQ81_9CHLO	32.7	248	144	7	214	456	544	773	1.77e-26	113
Cre10.g435750.t1.1	tr|A0A835YDE0|A0A835YDE0_9CHLO	27.5	363	213	10	210	563	1044	1365	2.18e-31	127
Cre10.g453728.t1.1	tr|A0A2K3DS38|A0A2K3DS38_CHLRE	34.0	523	231	20	27	443	119	633	5.33e-41	152
Cre10.g454300.t1.1	tr|A0A2K3DKL9|A0A2K3DKL9_CHLRE	35.5	287	122	5	638	916	438	669	5.99e-28	117
Cre10.g452050.t1.2	tr|A0A7S0X1Z1|A0A7S0X1Z1_9CHLO	35.3	252	122	12	28	251	134	372	1.24e-24	97.8
Cre10.g420550.t1.1	tr|A0A7S3QLH0|A0A7S3QLH0_DUNTE	34.5	403	223	11	106	483	107	493	1.13e-57	197
Cre10.g450400.t1.2	tr|A0A836B758|A0A836B758_9CHLO	95.7	282	12	0	1	282	1	282	9.13e-199	541
Cre10.g422550.t1.2	tr|A0A835VQW0|A0A835VQW0_9CHLO	40.1	182	95	2	4	172	31	211	8.39e-28	117
Cre10.g429250.t1.1	tr|A0A150GBB4|A0A150GBB4_GONPE	34.9	241	122	6	1196	1423	251	469	6.62e-25	106
Cre10.g425750.t1.1	tr|A0A150GAV7|A0A150GAV7_GONPE	32.9	210	114	3	51	257	28	213	2.47e-21	88.6
Cre10.g442650.t1.2	tr|A0A835Y6X2|A0A835Y6X2_9CHLO	31.9	354	148	12	501	818	2568	2864	1.99e-24	106
Cre10.g463550.t1.1	tr|A0A835SCQ1|A0A835SCQ1_CHLIN	33.3	312	161	7	499	809	43	308	2.68e-31	127
Cre10.g457331.t1.1	tr|A0A2K3DBN2|A0A2K3DBN2_CHLRE	100	3135	0	0	1	3135	1	3135	0.0	5430
Cre10.g445800.t1.1	tr|A0A835Y5D4|A0A835Y5D4_9CHLO	44.4	151	47	5	173	287	37	186	5.12e-16	79.3
Cre10.g454734.t1.1	tr|A0A7S0X1Z1|A0A7S0X1Z1_9CHLO	35.5	231	113	7	646	864	175	381	6.48e-24	101
Cre10.g454734.t2.1	tr|A0A7S0X1Z1|A0A7S0X1Z1_9CHLO	35.5	231	113	7	606	824	175	381	6.04e-24	101
Cre10.g451500.t1.2	tr|A0A836BS50|A0A836BS50_9CHLO	39.7	373	178	8	11	354	39	393	8.49e-75	248
Cre10.g462050.t1.1	tr|A0A835SW25|A0A835SW25_CHLIN	35.1	405	178	6	557	887	1698	2091	1.64e-56	209
Cre10.g418900.t1.2	tr|A0A150GBS0|A0A150GBS0_GONPE	63.4	571	132	5	442	1009	253	749	4.19e-196	625
Cre04.g224450.t1.1	tr|A0A835YDE0|A0A835YDE0_9CHLO	38.9	144	74	4	1862	1998	1246	1382	1.15e-15	79.7
Cre04.g212100.t1.1	tr|A0A2J7ZMF7|A0A2J7ZMF7_9CHLO	44.3	352	144	9	431	770	337	648	5.36e-59	214
Cre04.g226350.t1.2	tr|A8J0Y0|A8J0Y0_CHLRE	100	47	0	0	38	84	215	261	5.82e-28	99.8
Cre04.g227500.t1.1	tr|A0A835SKW2|A0A835SKW2_CHLIN	63.7	5680	1632	91	58	5533	5	5437	0.0	4151
Cre04.g219000.t1.2	tr|A0A835TCJ4|A0A835TCJ4_CHLIN	36.6	530	269	12	857	1334	2322	2836	3.71e-76	280
Cre04.g217986.t1.1	tr|A0A2J7ZU46|A0A2J7ZU46_9CHLO	30.6	543	311	14	367	884	10	511	9.10e-37	144
Cre04.g225500.t1.2	tr|A0A2J8A405|A0A2J8A405_9CHLO	37.3	118	64	3	147	264	39	146	1.98e-13	65.1
Cre04.g225500.t2.1	tr|A0A2J8A405|A0A2J8A405_9CHLO	37.3	118	64	3	147	264	39	146	1.98e-13	65.1
Cre04.g215400.t1.2	tr|A0A7S0N7F3|A0A7S0N7F3_9CHLO	34.7	427	233	12	157	542	255	676	1.21e-58	211
Cre04.g228208.t1.2	tr|A0A835SCQ1|A0A835SCQ1_CHLIN	32.5	292	177	6	812	1101	35	308	1.76e-28	119
Cre04.g228208.t2.1	tr|A0A835SCQ1|A0A835SCQ1_CHLIN	32.5	292	177	6	807	1096	35	308	1.75e-28	119
Cre04.g211900.t1.1	tr|A0A7S0RCE8|A0A7S0RCE8_9CHLO	39.0	210	122	2	537	740	435	644	1.60e-37	145
Cre04.g229472.t1.1	tr|A8J0Y0|A8J0Y0_CHLRE	75.0	68	1	1	1	68	217	268	9.01e-28	97.1
Cre04.g219600.t1.2	tr|A0A2J7ZMF7|A0A2J7ZMF7_9CHLO	44.0	339	151	12	422	748	337	648	8.31e-55	201
Cre04.g226700.t1.2	tr|A0A835SUQ0|A0A835SUQ0_CHLIN	32.8	323	154	4	3253	3575	1820	2079	2.19e-29	126
Cre04.g219800.t1.1	tr|A0A2K3DS38|A0A2K3DS38_CHLRE	64.7	51	18	0	121	171	513	563	4.38e-13	65.9
Cre04.g217979.t1.1	tr|A0A2K3DS38|A0A2K3DS38_CHLRE	34.8	178	97	4	74	240	23	192	5.81e-15	74.7
Cre04.g212700.t1.1	tr|A0A836B310|A0A836B310_CHLIN	31.5	124	68	2	11	117	12	135	2.84e-12	68.6
Cre04.g228250.t1.1	tr|A8J0Y0|A8J0Y0_CHLRE	100	47	0	0	16	62	215	261	8.36e-29	100
Cre04.g211650.t1.2	tr|A0A2K3DU17|A0A2K3DU17_CHLRE	100	266	0	0	1	266	1	266	2.81e-185	505
Cre04.g211650.t2.1	tr|A0A2K3DU17|A0A2K3DU17_CHLRE	100	266	0	0	1	266	1	266	2.81e-185	505
Cre04.g229374.t1.1	tr|A0A2J7ZU46|A0A2J7ZU46_9CHLO	52.5	236	110	1	1	236	482	715	2.44e-37	146
Cre04.g223150.t1.1	tr|A0A835YBL2|A0A835YBL2_9CHLO	35.2	667	335	19	182	784	155	788	2.60e-66	239
Cre04.g230634.t1.1	tr|A0A2K3D5T8|A0A2K3D5T8_CHLRE	39.8	83	47	2	170	251	345	425	1.55e-12	65.1
Cre04.g216000.t1.2	tr|A0A150G6K9|A0A150G6K9_GONPE	39.5	730	303	31	5	684	4	644	8.96e-84	285
Cre04.g211600.t1.1	tr|A0A150H3A5|A0A150H3A5_GONPE	32.8	198	119	7	35	224	438	629	2.25e-16	79.3
Cre04.g222650.t1.1	tr|A0A836BUT8|A0A836BUT8_9CHLO	30.2	1549	718	36	2656	3906	2462	3928	1.23e-54	209
Cre04.g219796.t1.2	tr|A0A2K3DS38|A0A2K3DS38_CHLRE	33.7	246	118	8	50	259	19	255	2.11e-27	107
Cre04.g218900.t1.1	tr|A0A835TCJ4|A0A835TCJ4_CHLIN	36.6	530	242	10	900	1351	2325	2838	7.37e-77	282
Cre04.g217921.t1.1	tr|A0A7S0VJ97|A0A7S0VJ97_9CHLO	68.6	484	149	1	1	481	1	484	5.00e-230	656
Cre04.g220100.t1.1	tr|A0A835Y0A4|A0A835Y0A4_9CHLO	54.7	75	34	0	1474	1548	909	983	2.00e-17	84.7
Cre04.g231908.t1.1	tr|A0A835VPH3|A0A835VPH3_CHLIN	69.4	108	33	0	1214	1321	1240	1347	1.71e-24	107
Cre04.g212150.t1.1	tr|A0A835SJE7|A0A835SJE7_9CHLO	59.8	659	159	9	1	561	94	744	4.31e-218	624
Cre04.g219150.t1.1	tr|A0A2K3CYW3|A0A2K3CYW3_CHLRE	33.0	591	243	14	2460	2904	3772	4354	6.03e-71	263
Cre04.g218200.t1.1	tr|A0A2K3DS38|A0A2K3DS38_CHLRE	35.5	651	284	22	65	607	14	636	6.30e-72	242
Cre04.g223500.t1.1	tr|A0A2K3DFR1|A0A2K3DFR1_CHLRE	24.0	262	131	7	15	276	5	198	3.59e-14	74.3
Cre04.g217200.t1.1	tr|A0A150G0I4|A0A150G0I4_GONPE	45.7	376	138	10	117	454	48	395	5.37e-20	90.5
Cre04.g224200.t1.2	tr|A0A150GV79|A0A150GV79_GONPE	27.9	859	469	32	174	975	12	777	6.14e-61	219
Cre04.g218400.t1.1	tr|A0A2J7ZMF7|A0A2J7ZMF7_9CHLO	43.4	357	150	13	103	445	1195	1513	4.96e-53	188
Cre04.g212200.t1.1	tr|A0A835SJE7|A0A835SJE7_9CHLO	71.9	374	103	1	63	436	81	452	1.28e-183	536
Cre04.g212200.t2.1	tr|A0A835SJE7|A0A835SJE7_9CHLO	72.9	362	96	1	1	362	93	452	1.25e-181	528
Cre04.g211700.t1.1	tr|A0A2J7ZMF7|A0A2J7ZMF7_9CHLO	44.8	324	147	11	306	615	343	648	1.47e-58	209
Cre04.g220700.t1.2	tr|A0A2K3DFR1|A0A2K3DFR1_CHLRE	33.8	269	171	5	24	290	2	265	3.00e-43	154
Cre04.g221900.t1.1	tr|A0A2J7ZMF7|A0A2J7ZMF7_9CHLO	37.5	136	76	4	504	637	774	902	6.07e-11	62.0
Cre04.g213904.t1.1	tr|A0A250X6G6|A0A250X6G6_9CHLO	26.9	234	145	8	46	278	4	212	8.31e-15	73.2
Cre04.g217911.t1.1	tr|A0A835SJE7|A0A835SJE7_9CHLO	59.9	441	169	4	54	494	55	487	8.00e-170	499
Cre04.g211950.t1.1	tr|A0A7S0RCE8|A0A7S0RCE8_9CHLO	38.6	207	121	2	3	203	438	644	4.82e-40	140
Cre04.g223540.t1.2	tr|A8J0Y0|A8J0Y0_CHLRE	97.9	47	1	0	97	143	215	261	1.22e-26	97.8
Cre04.g217920.t1.1	tr|A0A835T7K8|A0A835T7K8_CHLIN	31.4	191	90	4	389	552	322	498	1.33e-13	71.6
Cre04.g226200.t1.1	tr|A0A250X6G6|A0A250X6G6_9CHLO	41.7	96	55	1	331	426	167	261	1.62e-17	84.7
Cre04.g223200.t1.1	tr|A0A2K3DFR1|A0A2K3DFR1_CHLRE	32.1	209	127	5	13	221	5	198	1.13e-22	102
Cre04.g227251.t1.1	tr|A0A836BUT8|A0A836BUT8_9CHLO	47.6	250	126	2	1933	2182	3683	3927	2.48e-59	224
Cre04.g223850.t1.2	tr|A0A250X4U9|A0A250X4U9_9CHLO	33.5	376	225	6	42	400	302	669	2.27e-53	187
Cre04.g217850.t1.1	tr|A0A835WJU4|A0A835WJU4_9CHLO	36.8	280	168	4	1577	1852	1230	1504	1.74e-34	141
Cre04.g227526.t1.1	tr|A0A835SJE7|A0A835SJE7_9CHLO	50.0	62	31	0	7	68	224	285	8.95e-16	68.6
Cre04.g215550.t1.2	tr|A0A2K3DTQ0|A0A2K3DTQ0_CHLRE	100	405	0	0	1	405	1	405	1.18e-272	738
Cre04.g226800.t1.1	tr|A0A2K3DUN8|A0A2K3DUN8_CHLRE	100	131	0	0	1	131	1	131	4.48e-102	284
Cre04.g229550.t1.1	tr|A0A836BUT8|A0A836BUT8_9CHLO	47.4	251	122	4	3826	4074	3683	3925	5.31e-51	197
Cre04.g226950.t1.2	tr|A0A699YPT5|A0A699YPT5_HAELA	39.3	275	90	5	1	273	24	223	1.18e-41	139
Cre04.g213650.t1.2	tr|A0A2J7ZMF7|A0A2J7ZMF7_9CHLO	40.5	358	160	13	261	602	339	659	3.52e-41	157
Cre04.g222000.t1.1	tr|A0A2J7ZSA6|A0A2J7ZSA6_9CHLO	33.2	870	296	18	106	964	377	972	3.69e-109	385
Cre04.g219750.t1.1	tr|A0A250WWQ3|A0A250WWQ3_9CHLO	35.1	376	219	9	458	826	1517	1874	2.74e-50	193
Cre04.g217950.t1.2	tr|A0A150GBS0|A0A150GBS0_GONPE	38.0	129	70	2	223	350	389	508	2.69e-17	82.0
Cre04.g228800.t1.1	tr|A0A835SCQ1|A0A835SCQ1_CHLIN	32.0	294	175	5	451	743	43	312	8.84e-35	139
Cre04.g220000.t1.1	tr|A0A835S917|A0A835S917_CHLIN	34.0	103	65	1	2508	2610	201	300	4.92e-12	65.9
Cre04.g220000.t2.1	tr|A0A835S917|A0A835S917_CHLIN	34.0	103	65	1	2504	2606	201	300	4.92e-12	65.9
Cre04.g226750.t1.2	tr|A0A835T6C7|A0A835T6C7_CHLIN	49.7	183	86	3	29	209	80	258	1.23e-53	189
Cre04.g223350.t1.1	tr|A0A835T9S6|A0A835T9S6_CHLIN	53.6	56	26	0	624	679	1512	1567	4.37e-12	66.6
Cre04.g219400.t1.2	tr|A0A2J7ZMF7|A0A2J7ZMF7_9CHLO	47.1	340	146	10	474	800	342	660	2.12e-67	240
Cre04.g232104.t1.1	tr|A0A7S0X1Z1|A0A7S0X1Z1_9CHLO	44.8	223	104	4	39	248	163	379	2.16e-50	166
Cre04.g220250.t1.1	tr|A0A2J7ZMF7|A0A2J7ZMF7_9CHLO	37.1	372	157	9	550	907	341	649	3.48e-45	173
Cre04.g215450.t1.2	tr|A0A2J7ZMF7|A0A2J7ZMF7_9CHLO	34.8	515	252	21	49	528	1061	1526	5.04e-47	172
Cre04.g228850.t1.1	tr|A0A835SCQ1|A0A835SCQ1_CHLIN	32.8	235	134	5	1614	1847	42	253	5.54e-25	109
Cre04.g211750.t1.1	tr|A0A835WQ43|A0A835WQ43_9CHLO	93.5	230	14	1	138	366	1	230	1.21e-156	438
Cre04.g217972.t1.1	tr|A0A7S0RF59|A0A7S0RF59_9CHLO	37.8	82	51	0	9	90	148	229	2.22e-13	60.5
Cre04.g228300.t1.1	tr|A0A835SCQ1|A0A835SCQ1_CHLIN	35.0	286	165	5	904	1188	43	308	3.07e-32	132
Cre04.g222700.t1.2	tr|A0A250XJ57|A0A250XJ57_9CHLO	57.1	992	406	8	65	1053	48	1022	0.0	1034
Cre21.g753097.t1.1	tr|A0A2J7ZU46|A0A2J7ZU46_9CHLO	30.4	611	350	17	149	732	11	573	6.54e-40	154
Cre21.g751897.t1.1	tr|A0A2K3DS38|A0A2K3DS38_CHLRE	34.3	178	98	4	74	240	23	192	2.32e-14	72.8
Cre21.g753147.t1.1	tr|A0A2J7ZU46|A0A2J7ZU46_9CHLO	30.1	611	352	17	95	678	11	573	4.21e-39	153
Cre12.g511400.t1.1	tr|A0A2J7ZTU8|A0A2J7ZTU8_9CHLO	80.8	172	29	2	48	219	47	214	2.01e-79	255
Cre12.g526131.t1.1	tr|A0A2K3D4E1|A0A2K3D4E1_CHLRE	97.4	117	3	0	1	117	46	162	2.71e-81	243
Cre12.g497652.t1.1	tr|A0A836B2J9|A0A836B2J9_CHLIN	50.6	358	175	1	4	359	38	395	2.59e-124	361
Cre12.g543303.t1.1	tr|A0A2J8AGW4|A0A2J8AGW4_9CHLO	62.5	534	175	12	2	523	3	523	9.07e-113	377
Cre12.g543303.t3.1	tr|A0A2J8AGW4|A0A2J8AGW4_9CHLO	62.5	534	175	12	2	523	3	523	5.20e-116	377
Cre12.g528200.t1.1	tr|A0A699ZEB2|A0A699ZEB2_HAELA	34.1	252	106	7	2018	2255	10	215	6.44e-20	87.4
Cre12.g542450.t1.2	tr|A0A699ZEB2|A0A699ZEB2_HAELA	33.3	225	107	7	885	1085	14	219	4.41e-24	98.6
Cre12.g526326.t1.1	tr|A0A2K3D4E1|A0A2K3D4E1_CHLRE	86.0	43	6	0	78	120	45	87	2.00e-19	83.6
Cre12.g526883.t1.1	tr|A0A2K3D4I9|A0A2K3D4I9_CHLRE	100	1526	0	0	1	1526	1	1526	0.0	2396
Cre12.g526883.t2.1	tr|A0A2K3D4I9|A0A2K3D4I9_CHLRE	100	485	0	0	38	522	1042	1526	7.44e-272	781
Cre12.g486850.t1.1	tr|A0A835XX80|A0A835XX80_9CHLO	30.4	322	164	11	164	458	12	300	1.61e-16	79.0
Cre12.g508750.t1.2	tr|A0A7S0X1Z1|A0A7S0X1Z1_9CHLO	51.4	72	30	2	133	199	307	378	8.82e-15	69.3
Cre12.g560668.t1.2	tr|A0A2K3DFR1|A0A2K3DFR1_CHLRE	34.9	232	126	7	1	225	2	215	4.91e-32	133
Cre12.g516750.t1.1	tr|A0A835SW25|A0A835SW25_CHLIN	27.4	464	225	8	1064	1489	1696	2085	1.31e-40	161
Cre12.g516750.t2.1	tr|A0A835SW25|A0A835SW25_CHLIN	27.4	464	225	8	1064	1489	1696	2085	1.31e-40	161
Cre12.g525400.t1.1	tr|A0A835SW25|A0A835SW25_CHLIN	35.8	419	211	8	637	1001	1670	2084	2.28e-52	197
Cre12.g544450.t1.2	tr|A0A835W0U1|A0A835W0U1_CHLIN	48.8	211	104	2	565	774	6683	6890	1.73e-54	201
Cre12.g525500.t1.1	tr|A0A7S0YAX3|A0A7S0YAX3_9CHLO	37.3	295	139	7	283	535	13	303	3.35e-39	144
Cre12.g553950.t1.1	tr|A0A250WRZ5|A0A250WRZ5_9CHLO	33.1	124	74	3	349	464	167	289	8.49e-15	74.7
Cre12.g550850.t1.2	tr|S0DAV6|S0DAV6_9CHLO	66.4	247	78	3	1	245	4	247	1.15e-107	307
Cre12.g552150.t1.1	tr|A0A835YDE0|A0A835YDE0_9CHLO	30.4	391	164	10	1085	1435	1046	1368	5.42e-46	178
Cre12.g502350.t1.1	tr|A0A250WWQ3|A0A250WWQ3_9CHLO	35.7	370	230	5	83	448	1517	1882	2.41e-54	202
Cre12.g513701.t1.2	tr|A0A250X4U9|A0A250X4U9_9CHLO	40.5	351	204	4	47	393	292	641	3.13e-63	229
Cre12.g533500.t1.2	tr|A0A835XJL6|A0A835XJL6_9CHLO	26.4	743	377	20	197	852	55	714	2.06e-30	129
Cre12.g526515.t1.1	tr|A0A2K3D4E1|A0A2K3D4E1_CHLRE	96.4	168	6	0	1	168	265	432	9.23e-105	305
Cre12.g518350.t1.1	tr|A0A835YBW2|A0A835YBW2_9CHLO	54.9	204	85	2	2478	2681	2089	2285	3.31e-59	223
Cre12.g515350.t1.1	tr|A0A835WMK5|A0A835WMK5_9CHLO	26.8	2964	1222	63	1557	4323	4	2205	8.31e-164	571
Cre12.g515350.t2.1	tr|A0A835WMK5|A0A835WMK5_9CHLO	26.8	2964	1222	63	1456	4222	4	2205	7.97e-164	571
Cre12.g525300.t1.1	tr|A0A835SW25|A0A835SW25_CHLIN	32.2	391	210	8	977	1338	1715	2079	8.36e-43	168
Cre12.g524450.t1.1	tr|A0A2K3D4B0|A0A2K3D4B0_CHLRE	100	396	0	0	1	396	1	396	4.39e-268	726
Cre12.g493250.t1.2	tr|A0A2K3DFR1|A0A2K3DFR1_CHLRE	30.3	297	168	7	379	673	9	268	2.70e-32	130
Cre12.g545101.t1.1	tr|A0A150GTX6|A0A150GTX6_GONPE	80.7	1405	172	9	1	1396	1	1315	0.0	2171
Cre12.g525750.t1.2	tr|A0A2K3D4E1|A0A2K3D4E1_CHLRE	80.2	96	18	1	165	259	337	432	1.78e-40	147
Cre12.g519401.t1.1	tr|A0A2J7ZU46|A0A2J7ZU46_9CHLO	36.8	467	257	8	771	1211	8	462	1.13e-69	245
Cre12.g522550.t1.2	tr|A0A835XQ81|A0A835XQ81_9CHLO	38.0	363	208	11	8	365	424	774	5.52e-59	212
Cre12.g541904.t1.2	tr|A0A835T6K5|A0A835T6K5_9CHLO	60.5	750	147	13	241	888	158	860	7.65e-188	560
Cre12.g494750.t1.2	tr|A8JDN4|A8JDN4_CHLRE	100	166	0	0	1	166	1	166	2.55e-109	305
Cre12.g555950.t1.2	tr|A0A7S0R3Y7|A0A7S0R3Y7_9CHLO	32.0	1802	1034	32	2998	4751	2	1660	4.17e-237	769
Cre12.g558300.t1.1	tr|A0A250X4T6|A0A250X4T6_9CHLO	34.1	176	96	3	535	706	860	1019	2.70e-22	99.8
Cre12.g538850.t1.1	tr|A0A7S3VPE2|A0A7S3VPE2_DUNTE	34.5	892	462	27	249	1093	46	862	1.95e-142	449
Cre12.g497700.t1.2	tr|A0A836B2J9|A0A836B2J9_CHLIN	88.3	409	48	0	2	410	4	412	3.71e-259	705
Cre12.g551050.t1.2	tr|A0A835SJE7|A0A835SJE7_9CHLO	48.6	70	32	2	306	375	665	730	1.39e-12	65.5
Cre12.g505700.t1.2	tr|A0A7R9V3E6|A0A7R9V3E6_9CHLO	70.9	127	33	1	104	230	2	124	1.80e-57	180
Cre12.g530400.t1.2	tr|D8TM90|D8TM90_VOLCA	58.7	344	98	3	2	334	26	336	1.32e-112	328
Cre12.g523650.t1.2	tr|A0A835WSD2|A0A835WSD2_9CHLO	51.8	83	40	0	448	530	586	668	1.99e-19	90.1
Cre12.g534650.t1.1	tr|A0A835XL87|A0A835XL87_9CHLO	34.7	236	135	10	383	606	757	985	8.11e-29	119
Cre12.g489450.t1.1	tr|A0A835WS68|A0A835WS68_9CHLO	43.6	6657	2714	167	18	6058	634	6861	0.0	1427
Cre12.g500750.t1.2	tr|A8J0Y0|A8J0Y0_CHLRE	100	116	0	0	1	116	1	116	2.85e-75	221
Cre12.g493903.t1.1	tr|A0A2K3DLK9|A0A2K3DLK9_CHLRE	42.2	303	113	9	2	244	109	409	2.54e-43	147
Cre12.g493903.t2.1	tr|A0A2K3DLK9|A0A2K3DLK9_CHLRE	42.8	208	39	2	2	129	109	316	6.83e-37	130
Cre12.g502450.t1.1	tr|A0A2K3CXZ5|A0A2K3CXZ5_CHLRE	25.6	336	199	11	160	470	543	852	6.36e-15	74.7
Cre12.g499205.t1.1	tr|A0A835WLJ1|A0A835WLJ1_9CHLO	55.7	553	95	11	31	444	223	764	1.80e-98	319
Cre12.g499205.t2.1	tr|A0A835WLJ1|A0A835WLJ1_9CHLO	55.7	553	95	11	6	419	223	764	1.53e-98	318
Cre12.g498100.t1.2	tr|A0A7S0N9X6|A0A7S0N9X6_9CHLO	76.2	386	88	2	40	425	1	382	4.53e-218	600
Cre12.g522850.t1.2	tr|A0A250X4U9|A0A250X4U9_9CHLO	56.3	892	294	8	7	873	7	827	2.97e-258	750
Cre12.g514950.t1.1	tr|A0A250WVF0|A0A250WVF0_9CHLO	41.2	386	162	6	1063	1401	664	1031	1.43e-73	264
Cre12.g539150.t1.2	tr|A0A7S0RF59|A0A7S0RF59_9CHLO	31.8	324	190	8	132	443	12	316	7.05e-36	134
Cre12.g526603.t1.1	tr|A0A2K3D4E1|A0A2K3D4E1_CHLRE	86.0	43	6	0	78	120	45	87	2.46e-20	83.6
Cre12.g529600.t1.2	tr|A0A7G1GG92|A0A7G1GG92_9CHLO	25.3	253	136	5	561	813	1066	1265	3.00e-13	71.6
Cre12.g529550.t1.2	tr|A0A835SCQ1|A0A835SCQ1_CHLIN	35.6	278	174	2	26	302	35	308	1.06e-43	166
Cre12.g517000.t1.1	tr|A0A835SW25|A0A835SW25_CHLIN	28.3	477	216	9	788	1226	1699	2087	8.39e-43	167
Cre12.g483500.t1.1	tr|A0A835VW61|A0A835VW61_CHLIN	81.9	6641	1028	53	1	6538	1	6569	0.0	9072
Cre12.g542200.t1.1	tr|A0A835W2P8|A0A835W2P8_9CHLO	57.1	184	62	5	1	175	73	248	2.84e-54	172
Cre12.g532050.t1.2	tr|A0A835XL87|A0A835XL87_9CHLO	35.9	223	98	11	520	732	746	933	3.08e-20	92.8
Cre12.g522950.t1.2	tr|A0A2J7ZKI0|A0A2J7ZKI0_9CHLO	87.9	330	35	2	26	350	21	350	4.41e-197	542
Cre12.g560350.t1.1	tr|A0A250X6G6|A0A250X6G6_9CHLO	43.9	262	142	3	11	271	9	266	1.61e-66	226
Cre12.g560350.t2.1	tr|A0A250X6G6|A0A250X6G6_9CHLO	43.9	262	142	3	11	271	9	266	1.52e-66	226
Cre12.g552700.t1.1	tr|A0A835SKW2|A0A835SKW2_CHLIN	48.9	272	134	2	4120	4388	4398	4667	1.13e-62	236
Cre12.g540200.t1.2	tr|A0A835SZ11|A0A835SZ11_CHLIN	35.8	229	130	4	447	675	869	1080	1.78e-29	123
Cre12.g488400.t1.1	tr|A0A7S0X0W8|A0A7S0X0W8_9CHLO	36.3	284	126	6	331	603	205	444	7.14e-38	144
Cre12.g561101.t1.1	tr|A0A835WWV1|A0A835WWV1_9CHLO	23.5	540	244	19	745	1191	895	1358	5.23e-20	93.2
Cre12.g526559.t1.1	tr|A0A2K3D4E1|A0A2K3D4E1_CHLRE	98.2	163	3	0	1	163	270	432	3.75e-101	301
Cre12.g551852.t1.1	tr|A0A2J7ZS76|A0A2J7ZS76_9CHLO	46.9	96	42	2	232	327	921	1007	8.04e-14	68.9
Cre12.g549800.t1.2	tr|A0A2K3DFR1|A0A2K3DFR1_CHLRE	30.9	207	131	9	48	249	3	202	8.09e-17	79.7
Cre12.g543052.t1.1	tr|A0A835VY94|A0A835VY94_CHLIN	29.7	384	219	12	1	351	112	477	2.99e-28	114
Cre12.g545250.t1.1	tr|A0A2K3DS38|A0A2K3DS38_CHLRE	34.2	146	83	2	40	172	18	163	5.75e-11	62.4
Cre12.g546100.t1.1	tr|A0A835XQ81|A0A835XQ81_9CHLO	36.1	238	110	7	242	468	586	792	2.23e-22	100
Cre12.g546100.t2.1	tr|A0A835XQ81|A0A835XQ81_9CHLO	36.1	238	110	7	147	373	586	792	1.89e-22	100
Cre12.g525950.t1.2	tr|A0A2K3D4E1|A0A2K3D4E1_CHLRE	91.8	73	6	0	172	244	360	432	3.84e-36	135
Cre12.g508900.t1.2	tr|A0A7S0RME0|A0A7S0RME0_9CHLO	30.7	316	186	11	39	330	801	1107	4.49e-29	115
Cre12.g537500.t1.1	tr|A0A835XKE8|A0A835XKE8_9CHLO	52.4	1886	565	38	6	1769	5	1680	0.0	1069
Cre12.g550300.t1.1	tr|A0A2K3DFR1|A0A2K3DFR1_CHLRE	29.1	275	166	9	29	297	5	256	1.00e-23	106
Cre12.g550300.t2.1	tr|A0A2K3DFR1|A0A2K3DFR1_CHLRE	29.1	275	166	9	29	297	5	256	3.16e-24	106
Cre12.g505450.t1.2	tr|A0A699Z2R0|A0A699Z2R0_HAELA	95.2	42	2	0	62	103	78	119	1.08e-23	84.3
Cre12.g527850.t1.1	tr|A0A250XND3|A0A250XND3_9CHLO	49.0	96	48	1	73	167	29	124	2.12e-24	93.2
Cre12.g497500.t1.2	tr|A0A836B2J9|A0A836B2J9_CHLIN	50.3	358	176	1	4	359	38	395	4.91e-127	368
Cre12.g512750.t1.1	tr|A0A2J7ZSA6|A0A2J7ZSA6_9CHLO	28.7	931	460	28	506	1367	408	1203	1.96e-70	259
Cre12.g512750.t2.1	tr|A0A2J7ZSA6|A0A2J7ZSA6_9CHLO	28.7	931	460	28	505	1366	408	1203	1.96e-70	259
Cre12.g495955.t1.1	tr|A0A2J7ZU46|A0A2J7ZU46_9CHLO	34.8	546	228	12	311	732	179	720	2.32e-65	229
Cre12.g504850.t1.2	tr|A0A699Z2R0|A0A699Z2R0_HAELA	95.2	42	2	0	62	103	78	119	1.08e-23	84.3
Cre12.g509000.t1.1	tr|A0A7S0RME0|A0A7S0RME0_9CHLO	29.6	311	189	9	50	337	804	1107	4.68e-27	108
Cre12.g499050.t1.2	tr|A8J0Y0|A8J0Y0_CHLRE	75.7	70	1	1	10	79	215	268	4.67e-29	100
Cre12.g509950.t1.1	tr|A0A250WR09|A0A250WR09_9CHLO	33.9	614	343	16	40	607	6	602	7.78e-103	330
Cre12.g538300.t1.1	tr|A0A7S0RME0|A0A7S0RME0_9CHLO	27.0	322	192	9	18	311	801	1107	2.93e-25	107
Cre12.g544111.t1.1	tr|A8J0Y0|A8J0Y0_CHLRE	75.7	70	1	1	576	645	215	268	4.28e-25	101
Cre12.g516650.t1.1	tr|A0A835SW25|A0A835SW25_CHLIN	27.9	502	217	12	995	1457	1690	2085	8.36e-40	158
Cre12.g485632.t1.2	tr|A8J0Y0|A8J0Y0_CHLRE	75.0	68	1	1	1	68	217	268	9.01e-28	97.1
Cre12.g491500.t1.2	tr|A0A699Z6E2|A0A699Z6E2_HAELA	54.7	53	24	0	348	400	33	85	3.30e-14	67.8
Cre12.g532900.t1.2	tr|A0A2J7ZMF7|A0A2J7ZMF7_9CHLO	46.4	302	123	9	1	283	1232	1513	8.28e-54	185
Cre12.g498600.t1.2	tr|A0A345K516|A0A345K516_9CHLO	30.4	398	208	12	38	422	4	345	3.21e-39	144
Cre12.g501400.t1.1	tr|A8J0Y0|A8J0Y0_CHLRE	75.0	68	1	1	1	68	217	268	9.01e-28	97.1
Cre12.g510200.t1.2	tr|A0A835WRE4|A0A835WRE4_9CHLO	71.1	384	78	9	1	353	1	382	7.65e-132	378
Cre12.g511350.t1.1	tr|A0A150H1T8|A0A150H1T8_GONPE	42.7	613	207	17	79	628	4	535	5.69e-92	306
Cre12.g526650.t1.2	tr|A0A2K3D4E1|A0A2K3D4E1_CHLRE	79.2	96	19	1	165	259	337	432	4.67e-40	146
Cre12.g510350.t1.1	tr|A0A835WTL1|A0A835WTL1_9CHLO	72.9	6497	1503	64	4	6411	48	6376	0.0	8590
Cre12.g539650.t1.1	tr|A0A835VY86|A0A835VY86_CHLIN	64.7	4523	1206	67	10	4380	3128	7391	0.0	3106
Cre12.g545750.t1.2	tr|A0A2K3D4E1|A0A2K3D4E1_CHLRE	45.3	159	84	3	97	254	275	431	6.16e-24	100
Cre12.g504250.t1.1	tr|A0A836BR11|A0A836BR11_9CHLO	43.5	276	118	4	946	1220	612	850	8.67e-59	216
Cre12.g551550.t1.1	tr|A0A7R9VB52|A0A7R9VB52_9CHLO	57.3	124	52	1	1063	1185	83	206	4.58e-39	143
Cre12.g505950.t1.2	tr|A0A7S0WVG7|A0A7S0WVG7_9CHLO	50.0	352	127	10	62	370	86	431	1.00e-98	297
Cre12.g489900.t1.1	tr|A0A150GRG7|A0A150GRG7_GONPE	35.6	194	110	5	2037	2219	182	371	1.04e-29	121
Cre12.g512250.t1.1	tr|A0A250XL59|A0A250XL59_9CHLO	46.1	542	209	10	6	488	26	543	7.98e-116	385
Cre12.g526150.t1.2	tr|A0A2K3D4E1|A0A2K3D4E1_CHLRE	78.1	96	20	1	165	259	337	432	4.38e-39	144
Cre12.g541300.t1.2	tr|A0A7S0X0W8|A0A7S0X0W8_9CHLO	63.5	274	65	2	276	542	202	447	2.00e-108	345
Cre12.g539100.t1.1	tr|A0A835SZ11|A0A835SZ11_CHLIN	42.9	436	224	9	157	586	652	1068	7.93e-90	300
Cre12.g484800.t1.1	tr|A0A836BR11|A0A836BR11_9CHLO	55.4	287	117	5	704	980	575	860	1.09e-86	298
Cre12.g519950.t1.1	tr|A0A2J7ZZC2|A0A2J7ZZC2_9CHLO	67.6	2528	679	20	1	2507	1	2410	0.0	3153
Cre12.g527700.t1.1	tr|A0A835YBW2|A0A835YBW2_9CHLO	35.3	2298	969	67	1203	3371	379	2287	3.48e-181	616
Cre12.g493750.t1.2	tr|A0A2K3D5T8|A0A2K3D5T8_CHLRE	46.0	87	45	1	162	246	339	425	4.91e-15	75.5
Cre12.g509350.t1.2	tr|A0A836C5D8|A0A836C5D8_9CHLO	81.0	364	50	1	3	366	2	346	1.55e-113	331
Cre12.g558800.t1.1	tr|A0A150G407|A0A150G407_GONPE	71.3	87	25	0	672	758	405	491	7.16e-26	112
Cre12.g515400.t1.1	tr|A0A835WMK5|A0A835WMK5_9CHLO	27.8	2898	1212	65	290	3003	4	2205	3.59e-168	584
Cre12.g550250.t1.2	tr|A0A835SUR5|A0A835SUR5_CHLIN	38.4	112	66	2	30	139	695	805	3.64e-15	77.4
Cre12.g547800.t1.1	tr|A0A836B2J9|A0A836B2J9_CHLIN	40.3	305	165	7	2	291	97	399	5.32e-59	191
Cre12.g485350.t1.2	tr|D8UC66|D8UC66_VOLCA	71.0	262	66	1	56	307	20	281	7.99e-122	362
Cre12.g485350.t2.1	tr|D8UC66|D8UC66_VOLCA	71.0	262	66	1	47	298	20	281	8.51e-122	361
Cre12.g487402.t1.1	tr|A8J0Y0|A8J0Y0_CHLRE	100	47	0	0	12	58	215	261	8.04e-29	100
Cre12.g500900.t1.1	tr|A0A835WE54|A0A835WE54_CHLIN	71.7	929	186	12	1	872	1	909	4.83e-270	791
Cre12.g542800.t1.2	tr|A0A7S0WZH0|A0A7S0WZH0_9CHLO	35.6	1219	669	17	60	1225	25	1180	2.31e-231	693
Cre12.g549200.t1.1	tr|A0A2K3D5T8|A0A2K3D5T8_CHLRE	39.0	105	58	2	56	154	321	425	1.33e-14	73.9
Cre12.g537400.t1.1	tr|A0A835SCQ1|A0A835SCQ1_CHLIN	35.5	276	173	3	212	486	37	308	2.15e-41	160
Cre12.g505800.t1.1	tr|A0A835Y2D4|A0A835Y2D4_9CHLO	38.8	245	149	1	923	1167	1743	1986	9.95e-46	177
Cre12.g551250.t1.2	tr|A0A7S0RME0|A0A7S0RME0_9CHLO	27.9	319	191	11	4	296	802	1107	1.36e-22	101
Cre12.g535050.t1.1	tr|A0A836C725|A0A836C725_9CHLO	27.9	716	416	25	51	721	13	673	2.71e-48	186
Cre12.g490800.t1.1	tr|A0A835XL87|A0A835XL87_9CHLO	46.7	317	90	2	1339	1655	751	988	1.23e-73	263
Cre12.g510550.t1.2	tr|A0A835WSD2|A0A835WSD2_9CHLO	76.8	910	171	10	4	880	3	905	1.42e-297	842
Cre12.g488752.t1.1	tr|A0A836C725|A0A836C725_9CHLO	37.9	277	158	5	9	282	415	680	1.18e-35	145
Cre12.g525100.t1.2	tr|A0A150GSU0|A0A150GSU0_GONPE	38.5	701	384	12	754	1431	157	833	2.14e-83	289
Cre12.g526200.t1.1	tr|A0A2K3D4E1|A0A2K3D4E1_CHLRE	95.7	163	7	0	18	180	270	432	1.63e-98	293
Cre12.g526200.t2.1	tr|A0A2K3D4E1|A0A2K3D4E1_CHLRE	96.4	168	6	0	1	168	265	432	1.11e-103	305
Cre12.g532350.t1.1	tr|A0A835YD45|A0A835YD45_9CHLO	35.9	5188	2113	139	53	4826	43	4422	0.0	1456
Cre12.g536600.t1.1	tr|A0A835SEW7|A0A835SEW7_CHLIN	27.6	221	135	5	2220	2420	1027	1242	4.28e-17	84.7
Cre12.g520100.t1.1	tr|A0A835T9S6|A0A835T9S6_CHLIN	44.3	379	139	5	1368	1745	1306	1613	2.26e-79	288
Cre12.g526471.t1.1	tr|A0A2K3D4E1|A0A2K3D4E1_CHLRE	79.2	96	19	1	102	196	337	432	1.06e-42	146
Cre12.g537671.t1.1	tr|D8TWQ5|D8TWQ5_VOLCA	55.7	2403	695	52	17	2259	3	2195	0.0	1758
Cre12.g539209.t1.1	tr|A0A2J7ZU46|A0A2J7ZU46_9CHLO	31.2	525	295	15	58	557	11	494	7.17e-37	142
Cre12.g539209.t2.1	tr|A0A2J7ZU46|A0A2J7ZU46_9CHLO	30.8	439	249	13	58	473	11	417	1.96e-24	103
Cre12.g489650.t1.1	tr|A0A835WF46|A0A835WF46_CHLIN	68.8	683	151	13	69	738	75	708	2.54e-230	656
Cre12.g547351.t1.2	tr|A0A150GRG7|A0A150GRG7_GONPE	49.4	162	72	2	849	1000	182	343	1.09e-37	144
Cre12.g497900.t1.1	tr|A0A7S3QXG1|A0A7S3QXG1_DUNTE	26.6	1011	507	24	824	1634	1056	2031	4.79e-58	218
Cre12.g526295.t1.1	tr|A0A2K3D4E1|A0A2K3D4E1_CHLRE	92.3	168	13	0	1	168	265	432	2.82e-97	291
Cre12.g490000.t1.2	tr|A0A7R9V919|A0A7R9V919_9CHLO	78.8	316	65	2	5	320	4	317	9.24e-170	471
Cre12.g505200.t1.2	tr|A0A835SZ11|A0A835SZ11_CHLIN	35.2	355	222	3	14	360	688	1042	5.62e-61	211
Cre12.g528600.t1.1	tr|A8J0Y0|A8J0Y0_CHLRE	74.6	71	1	2	61	131	215	268	9.98e-27	97.1
Cre12.g543302.t1.1	tr|A0A836BR11|A0A836BR11_9CHLO	57.3	82	34	1	1	81	769	850	3.79e-24	93.6
Cre12.g545950.t1.1	tr|A0A835SW25|A0A835SW25_CHLIN	35.9	384	173	6	692	1002	1698	2081	2.91e-58	216
Cre12.g555650.t1.1	tr|A0A2K3D5T8|A0A2K3D5T8_CHLRE	100	1062	0	0	1	1062	1	1062	0.0	1623
Cre12.g497000.t1.2	tr|A0A699YJ22|A0A699YJ22_HAELA	48.5	433	187	5	282	712	1	399	1.53e-119	371
Cre12.g504600.t1.2	tr|A0A699Z2R0|A0A699Z2R0_HAELA	95.2	42	2	0	62	103	78	119	1.08e-23	84.3
Cre12.g527100.t1.1	tr|A0A2J7ZQT3|A0A2J7ZQT3_9CHLO	69.6	158	47	1	124	280	1230	1387	7.38e-66	246
Cre12.g527100.t2.1	tr|A0A2J7ZQT3|A0A2J7ZQT3_9CHLO	69.6	158	47	1	124	280	1230	1387	7.37e-66	246
Cre12.g516800.t1.1	tr|A0A835SW25|A0A835SW25_CHLIN	43.4	83	44	2	986	1068	1699	1778	3.64e-13	70.5
Cre12.g533700.t1.1	tr|A0A836C725|A0A836C725_9CHLO	28.2	570	356	13	123	676	148	680	1.14e-49	192
Cre12.g542900.t1.1	tr|A0A835YGD6|A0A835YGD6_9CHLO	32.2	211	102	4	1625	1831	872	1045	8.31e-20	93.2
Cre12.g550550.t1.1	tr|A0A835YBW2|A0A835YBW2_9CHLO	43.1	174	99	0	1374	1547	2105	2278	1.94e-42	167
Cre12.g559000.t1.1	tr|A0A835SJE7|A0A835SJE7_9CHLO	40.9	447	249	8	76	520	89	522	4.47e-95	306
Cre12.g530350.t1.1	tr|D8TM90|D8TM90_VOLCA	43.0	442	143	4	3	444	4	336	1.38e-87	268
Cre12.g490150.t1.1	tr|A0A250WWQ3|A0A250WWQ3_9CHLO	36.5	342	200	7	44	375	1521	1855	1.15e-46	180
Cre12.g490150.t2.1	tr|A0A250WWQ3|A0A250WWQ3_9CHLO	35.7	342	202	8	44	374	1521	1855	5.21e-43	168
Cre12.g502500.t1.2	tr|A0A2K3CXZ5|A0A2K3CXZ5_CHLRE	24.1	344	194	12	157	467	543	852	1.44e-14	73.6
Cre12.g535500.t1.2	tr|A0A2K3CZ19|A0A2K3CZ19_CHLRE	46.6	88	44	1	15	99	49	136	3.62e-18	85.9
Cre12.g494500.t1.2	tr|A0A150H3A5|A0A150H3A5_GONPE	26.2	263	177	8	16	273	440	690	1.68e-13	68.2
Cre12.g549427.t1.1	tr|A0A150FXD3|A0A150FXD3_GONPE	71.3	742	140	7	104	807	62	768	0.0	1004
Cre12.g549427.t2.1	tr|A0A150FXD3|A0A150FXD3_GONPE	71.3	742	140	7	52	755	62	768	0.0	1004
Cre12.g558250.t1.1	tr|A0A7S3R6F9|A0A7S3R6F9_DUNTE	30.9	866	443	13	26	784	45	862	4.76e-97	342
Cre12.g514650.t1.2	tr|A0A2K3DFR1|A0A2K3DFR1_CHLRE	36.9	222	133	3	68	289	1	215	5.51e-36	143
Cre12.g511850.t1.2	tr|A0A7S0RME0|A0A7S0RME0_9CHLO	29.1	306	178	10	170	446	811	1106	2.18e-25	106
Cre12.g491200.t1.1	tr|A0A835SYI3|A0A835SYI3_CHLIN	42.9	77	32	4	159	228	1848	1919	5.92e-11	60.8
Cre12.g487300.t1.2	tr|A8J0Y0|A8J0Y0_CHLRE	99.1	214	1	1	1	213	1	214	3.95e-139	412
Cre12.g542000.t1.1	tr|A0A250XB86|A0A250XB86_9CHLO	60.4	134	50	2	1	132	1	133	3.78e-51	156
Cre12.g542000.t2.1	tr|A0A250XB86|A0A250XB86_9CHLO	60.6	94	34	2	4	95	41	133	4.40e-33	109
Cre12.g489500.t1.1	tr|A0A835WS68|A0A835WS68_9CHLO	57.5	640	232	18	363	970	4	635	1.85e-158	514
Cre12.g499850.t1.1	tr|A0A150GBS0|A0A150GBS0_GONPE	25.6	277	129	9	57	306	265	491	1.08e-13	69.3
Cre12.g526030.t1.1	tr|A0A2K3D4E1|A0A2K3D4E1_CHLRE	100	36	0	0	102	137	45	80	7.93e-20	82.8
Cre12.g548500.t1.2	tr|A0A2K3D5T8|A0A2K3D5T8_CHLRE	38.2	123	58	5	119	237	317	425	6.59e-15	75.1
Cre12.g553750.t1.1	tr|A0A835SYI2|A0A835SYI2_CHLIN	65.2	1503	448	23	1	1468	1	1463	0.0	1035
Cre12.g560800.t1.2	tr|A0A7S0S5U3|A0A7S0S5U3_9CHLO	45.7	420	195	8	39	451	83	476	8.29e-101	307
Cre12.g525050.t1.1	tr|A0A150GSU0|A0A150GSU0_GONPE	35.1	228	135	7	1126	1346	614	835	5.43e-26	112
Cre12.g529651.t1.1	tr|A0A6U2CS55|A0A6U2CS55_9CHLO	81.3	193	36	0	1	193	80	272	1.82e-108	308
Cre12.g559450.t1.1	tr|A0A835SV80|A0A835SV80_CHLIN	78.6	774	91	9	1	701	1	772	0.0	1092
Cre12.g544400.t1.2	tr|A0A7R9VMI2|A0A7R9VMI2_9CHLO	40.1	192	101	8	84	264	4	192	1.88e-27	107
Cre12.g561050.t1.1	tr|A0A7S0RCE8|A0A7S0RCE8_9CHLO	28.4	464	249	16	67	497	201	614	1.64e-38	148
Cre12.g497653.t1.1	tr|A0A836B2J9|A0A836B2J9_CHLIN	48.9	358	181	1	10	365	38	395	1.05e-122	357
Cre12.g508150.t1.2	tr|D8TWQ5|D8TWQ5_VOLCA	29.6	203	94	3	460	614	1189	1390	2.56e-18	87.4
Cre12.g533351.t1.1	tr|A0A2J8AHR3|A0A2J8AHR3_9CHLO	49.0	196	41	4	587	757	223	384	2.15e-37	146
Cre12.g524500.t1.2	tr|A0A2J8AJX5|A0A2J8AJX5_9CHLO	59.2	343	92	6	164	461	115	454	1.47e-119	354
Cre12.g503150.t1.1	tr|A0A250WVF0|A0A250WVF0_9CHLO	40.8	407	194	7	1133	1532	666	1032	2.63e-73	263
Cre12.g525700.t1.2	tr|A0A2K3D4E1|A0A2K3D4E1_CHLRE	57.7	71	18	2	145	215	41	99	3.49e-18	80.5
Cre12.g526450.t1.2	tr|A0A2K3D4E1|A0A2K3D4E1_CHLRE	79.2	96	19	1	165	259	337	432	4.67e-40	146
Cre12.g497850.t1.2	tr|A0A835WE12|A0A835WE12_CHLIN	93.1	217	14	1	1	216	1	217	1.08e-137	381
Cre12.g554400.t1.1	tr|A0A2K3D5X3|A0A2K3D5X3_CHLRE	100	358	0	0	1	358	1	358	1.94e-245	665
Cre12.g559053.t1.1	tr|A8J0Y0|A8J0Y0_CHLRE	100	47	0	0	14	60	215	261	1.53e-28	99.8
Cre12.g526850.t1.2	tr|A0A835SZ11|A0A835SZ11_CHLIN	26.8	440	222	8	2	432	692	1040	2.76e-33	134
Cre12.g506450.t1.2	tr|A0A699Z2R0|A0A699Z2R0_HAELA	95.2	42	2	0	62	103	78	119	1.08e-23	84.3
Cre12.g500550.t1.2	tr|A0A150GE55|A0A150GE55_GONPE	46.0	658	271	12	206	825	80	691	3.70e-138	423
Cre12.g525970.t1.1	tr|A0A2K3D4E1|A0A2K3D4E1_CHLRE	92.3	168	13	0	1	168	265	432	1.66e-96	291
Cre12.g511600.t1.1	tr|A0A250X241|A0A250X241_9CHLO	26.5	310	184	11	25	321	51	329	2.40e-13	71.6
Cre12.g510751.t1.1	tr|A0A2J7ZU46|A0A2J7ZU46_9CHLO	30.2	298	171	7	809	1080	8	294	1.20e-22	100
Cre12.g506350.t1.2	tr|A0A699Z2R0|A0A699Z2R0_HAELA	95.2	42	2	0	62	103	78	119	1.08e-23	84.3
Cre12.g532250.t1.1	tr|D8TZJ3|D8TZJ3_VOLCA	37.5	160	88	3	400	556	766	916	2.55e-12	68.2
Cre12.g484250.t1.1	tr|A0A7S0R3Y7|A0A7S0R3Y7_9CHLO	34.0	1702	1040	27	2968	4624	1	1664	2.25e-290	924
Cre12.g534000.t1.1	tr|A0A2K3DS38|A0A2K3DS38_CHLRE	30.6	568	276	17	89	566	19	558	1.30e-40	155
Cre12.g548400.t1.2	tr|A0A7S0X1Z1|A0A7S0X1Z1_9CHLO	47.2	231	109	7	20	240	152	379	3.93e-52	170
Cre12.g525776.t1.1	tr|A0A2K3D4E1|A0A2K3D4E1_CHLRE	100	438	0	0	1	438	1	438	5.47e-297	802
Cre12.g526068.t1.1	tr|A0A2K3D4E1|A0A2K3D4E1_CHLRE	96.4	168	6	0	1	168	265	432	6.81e-104	305
Cre12.g526068.t2.1	tr|A0A2K3D4E1|A0A2K3D4E1_CHLRE	96.4	168	6	0	1	168	265	432	6.81e-104	305
Cre12.g548950.t1.2	tr|A0A7S0X1Z1|A0A7S0X1Z1_9CHLO	47.2	231	109	7	20	240	152	379	3.93e-52	170
Cre12.g492650.t1.2	tr|A0A835WD10|A0A835WD10_9CHLO	35.6	174	95	7	60	218	58	229	5.73e-13	68.6
Cre12.g547200.t1.1	tr|A0A250X4T6|A0A250X4T6_9CHLO	30.4	257	145	7	1293	1523	785	1033	2.49e-24	107
Cre12.g542601.t1.1	tr|A8J0Y0|A8J0Y0_CHLRE	73.5	68	2	1	1	68	217	268	1.78e-27	96.3
Cre12.g548050.t1.1	tr|A0A2K3CW68|A0A2K3CW68_CHLRE	48.7	310	127	4	2800	3103	2224	2507	2.08e-75	278
Cre12.g516600.t1.1	tr|A0A835SW25|A0A835SW25_CHLIN	30.9	446	215	11	899	1306	1697	2087	3.81e-46	179
Cre12.g533050.t1.2	tr|A0A699ZUB9|A0A699ZUB9_HAELA	31.2	218	63	3	151	367	260	391	4.38e-18	84.0
Cre12.g529350.t1.1	tr|A0A7S0WZR0|A0A7S0WZR0_9CHLO	61.2	121	47	0	399	519	36	156	2.80e-50	166
Cre12.g507400.t1.2	tr|A0A835Y416|A0A835Y416_9CHLO	23.6	373	205	10	262	602	394	718	3.47e-15	76.3
Cre12.g560050.t1.1	tr|A0A2J7ZU46|A0A2J7ZU46_9CHLO	38.3	590	321	11	610	1179	8	574	1.82e-85	294
